Date,US_Eq_TR_index,CAPE,US_Eq_ret
1871-01-31,1478.84745,,
1871-02-28,1506.0484729166665,,0.018393393393393298
1871-03-31,1550.1143356427467,,0.029259259259259318
1871-04-30,1601.1123127011306,,0.03289949385394064
1871-05-31,1648.965528798035,,0.029887482419127975
1871-06-30,1642.7451512888515,,-0.0037722908093279495
1871-07-31,1619.4558873874535,,-0.01417704011065013
1871-08-31,1647.4168946045017,,0.017265680056377297
1871-09-30,1672.065094488981,,0.014961725817675742
1871-10-31,1593.183235692497,,-0.0471763085399447
1871-11-30,1618.0586456906008,,0.015613652868554873
1871-12-31,1660.4861892018848,,0.026221264367816355
1872-01-31,1710.2102772129185,,0.029945499296765377
1872-02-29,1725.069048602901,,0.008688271604938125
1872-03-31,1789.5823890475792,,0.0373975409836067
1872-04-30,1847.379863924011,,0.0322966269841265
1872-05-31,1855.6033196567616,,0.004451415701415717
1872-06-30,1846.050664214513,,-0.005148005148005175
1872-07-31,1843.7505978411334,,-0.0012459389213774763
1872-08-31,1830.6967231018427,,-0.007080065359477361
1872-09-30,1806.7838525454536,,-0.01306216931216897
1872-10-31,1823.0053648108149,,0.008978114478114252
1872-11-30,1824.7385037139802,,0.0009507042253522613
1872-12-31,1878.1904396813593,,0.02929292929292915
1873-01-31,1902.3469817433363,,0.012861604207758282
1873-02-28,1926.7002495298416,,0.012801696020873887
1873-03-31,1921.322324076057,,-0.00279126213592229
1873-04-30,1904.7159830493065,,-0.008643183300717783
1873-05-31,1918.3368438738576,,0.007151124338624637
1873-06-30,1901.7175890383166,,-0.008663366336633671
1873-07-31,1908.0025492765208,,0.003304886211512814
1873-08-31,1918.239987502015,,0.005365526492286943
1873-09-30,1781.9465276254252,,-0.0710513078470828
1873-10-31,1637.1714602484506,,-0.08124546114742182
1873-11-30,1589.2252594685015,,-0.029285998408910108
1873-12-31,1749.5245894767725,,0.10086633663366351
1874-01-31,1855.406450943975,,0.06052036199095001
1874-02-28,1922.0975626463605,,0.03594420600858372
1874-03-31,1905.078990477096,,-0.008854166666666496
1874-04-30,1863.7955662648544,,-0.021670190274841516
1874-05-31,1826.3170684649635,,-0.02010869565217377
1874-06-30,1829.3745189144026,,0.0016741071428572063
1874-07-31,1840.6542945355118,,0.006165919282511201
1874-08-31,1856.1306479088482,,0.00840807174887881
1874-09-30,1896.6167190880685,,0.02181208053691308
1874-10-31,1903.927466353276,,0.0038546255506608507
1874-11-30,1932.2972464810564,,0.014900662251655428
1874-12-31,1931.2401910945787,,-0.000547045951860059
1875-01-31,1942.8496103784166,,0.006011380323054594
1875-02-28,1950.1602596098337,,0.0037628487518357456
1875-03-31,1987.5598562000328,,0.019177704194260237
1875-04-30,2025.088219497928,,0.018881626724764455
1875-05-31,1958.2203871605634,,-0.033019713261648875
1875-06-30,1930.2927474107903,,-0.014261744966442946
1875-07-31,1946.1765300069692,,0.008228691019786849
1875-08-31,1966.495381402259,,0.010440394836750633
1875-09-30,1960.0853199265994,,-0.003259637188208764
1875-10-31,1940.0882633636566,,-0.010202135774218024
1875-11-30,1983.0446750088695,,0.022141472868217216
1875-12-31,1994.3893241794012,,0.005720823798627261
1876-01-31,2046.8732537630697,,0.026315789473684292
1876-02-29,2085.883170034338,,0.019058295964125227
1876-03-31,2092.805348695957,,0.0033185840707967706
1876-04-30,2025.5200326070628,,-0.032150776053215036
1876-05-31,1962.5142251411742,,-0.031105990783410475
1876-06-30,1960.1667200871782,,-0.0011961722488035287
1876-07-31,1948.3584868336402,,-0.006024096385542577
1876-08-31,1879.4531257139142,,-0.035365853658536395
1876-09-30,1776.6331709992853,,-0.05470737913486001
1876-10-31,1779.0405330196095,,0.0013550135501354532
1876-11-30,1757.226684522094,,-0.012261580381471293
1876-12-31,1759.6672771394858,,0.001388888888888884
1877-01-31,1756.8328037787303,,-0.0016108007448789596
1877-02-28,1664.5248492083565,,-0.052542253521126625
1877-03-31,1591.120466199979,,-0.044099301397205526
1877-04-30,1486.6895916478893,,-0.06563354363827567
1877-05-31,1497.4015104176424,,0.007205215419501032
1877-06-30,1400.842881273648,,-0.06448412698412676
1877-07-31,1472.5013825080305,,0.051153846153846105
1877-08-31,1585.5955164680845,,0.0768040935672516
1877-09-30,1693.7929154401897,,0.06823770491803294
1877-10-31,1739.4617197934801,,0.02696244855967045
1877-11-30,1721.9094474547787,,-0.010090634441087487
1877-12-31,1724.9905737666868,,0.0017893660531698163
1878-01-31,1733.3589895758316,,0.0048512820512818244
1878-02-28,1704.394116408996,,-0.016710256410256696
1878-03-31,1744.9270739729682,,0.02378144654088077
1878-04-30,1801.7763312929671,,0.03257973251028812
1878-05-31,1815.5646997141228,,0.007652652652652581
1878-06-30,1861.9956831773707,,0.025573852295409205
1878-07-31,1908.600179235784,,0.025029325513196587
1878-08-31,1900.5242776153102,,-0.004231321839080704
1878-09-30,1947.4635547617274,,0.02469806763285054
1878-10-31,1933.7105155007089,,-0.007062026515151532
1878-11-30,1936.5258794696372,,0.0014559386973180821
1878-12-31,1933.735496358009,,-0.0014409221902019764
1879-01-31,2015.0878421069642,,0.04207004830917871
1879-02-28,2096.8593187164865,,0.04057960893854751
1879-03-31,2071.6612114497902,,-0.012017070979335132
1879-04-30,2148.601195300598,,0.03713926940639278
1879-05-31,2254.4307276500303,,0.04925508399646317
1879-06-30,2274.934222000486,,0.009094754653130588
1879-07-31,2330.069780575359,,0.024236111111111125
1879-08-31,2356.6627593210756,,0.011412953795379543
1879-09-30,2452.926932229461,,0.04084766584766575
1879-10-31,2729.835451057979,,0.11288902053712468
1879-11-30,2885.2989966975574,,0.05694978632478631
1879-12-31,2889.200685672132,,0.0013522650439488082
1880-01-31,3010.8074557245577,,0.04209010840108385
1880-02-29,3074.1463601258088,,0.021037181996086396
1880-03-31,3143.8565700549434,,0.022676282051282026
1880-04-30,3083.5498874218138,,-0.01918238993710697
1880-05-31,2850.6466261372993,,-0.07553088803088803
1880-06-30,2874.0534031164143,,0.008211041229909233
1880-07-31,3017.806074201308,,0.050017397355601956
1880-08-31,3138.2773745686263,,0.03992015968063889
1880-09-30,3144.576100834218,,0.00200706486833635
1880-10-31,3248.2823589859254,,0.032979407979407904
1880-11-30,3431.8743028216686,,0.05651969981238292
1880-12-31,3585.8294483136683,,0.044860368389780136
1881-01-31,3814.2930397337673,18.473952301404935,0.06371289954337911
1881-02-28,3815.833545807973,18.14725816499023,0.00040387722132484427
1881-03-31,3873.2978138195326,18.27011914020499,0.015059427336574727
1881-04-30,3875.366883164522,17.950108278222896,0.0005341880341880323
1881-05-31,4064.61811962131,18.869718693152596,0.048834405144694504
1881-06-30,4129.756230512677,19.028710731115783,0.01602564102564097
1881-07-31,4000.83210300237,18.11636718738974,-0.03121833839918975
1881-08-31,3922.075565541694,17.28624355397345,-0.019685039370078594
1881-09-30,3969.7836083752313,16.724836648772897,0.012163978494623473
1881-10-31,3922.6755095558456,16.261989411181354,-0.011866666666666581
1881-11-30,3964.9319733782972,16.478642316644873,0.01077235772357743
1881-12-31,3866.716103278457,15.958754206105079,-0.024771136241249603
1882-01-31,3825.968679006527,15.678764160028745,-0.010537992235163496
1882-02-28,3759.1865680553997,15.153861528363043,-0.01745495495495497
1882-03-31,3770.0074850618917,15.091670299486745,0.0028785261945882823
1882-04-30,3787.400829860332,14.9169971683753,0.0046136101499423265
1882-05-31,3759.006244630699,14.56710320219176,-0.007497116493656253
1882-06-30,3756.811845188416,14.32740489013167,-0.0005837711617044938
1882-07-31,3986.100831044985,15.240559761217822,0.06103286384976503
1882-08-31,4123.399859669868,15.52542933146303,0.0344444444444445
1882-09-30,4181.225316170093,16.081106624462315,0.014023732470334282
1882-10-31,4085.182213287982,15.755581030526557,-0.022970085470085166
1882-11-30,3928.1461040457198,15.192670313165339,-0.038440417353102774
1882-12-31,3966.4584871603365,15.382128332081972,0.009753298909925379
1883-01-31,3964.2398060430896,15.270259119098574,-0.0005593607305934833
1883-02-28,3893.8307677208986,14.75759014617622,-0.017761044176706875
1883-03-31,3960.2418338517014,15.051254121401634,0.017055457746478764
1883-04-30,4061.446100889827,15.48206722203667,0.02555507246376809
1883-05-31,4010.9490183350385,15.335497637337067,-0.012433276547416217
1883-06-30,4064.5326093512135,15.90338838858379,0.013359329867129066
1883-07-31,4020.639847410024,15.948783127017025,-0.010798969072164932
1883-08-31,3857.3057391236584,15.19681087662984,-0.04062390924956394
1883-09-30,3918.861616054373,15.49469242579345,0.01595825716026833
1883-10-31,3831.9509976042937,15.04805627022383,-0.02217751657625089
1883-11-30,3908.47130779809,15.408218142448863,0.019969021065675552
1883-12-31,3842.256363480997,14.89640394188716,-0.016941391941392103
1884-01-31,3746.8175455385394,14.432821721970717,-0.024839263420724067
1884-02-29,3867.7753764367408,14.805960228816705,0.03228281853281856
1884-03-31,3872.9251400175226,14.736023454014466,0.0013314536340851557
1884-04-30,3717.2347672898054,14.35345368257947,-0.0401996855345913
1884-05-31,3435.7301455765532,13.4650503138049,-0.07572957839262173
1884-06-30,3315.048584907555,12.906876483666858,-0.03512544802867412
1884-07-31,3334.7642045745224,13.04393158599167,0.0059473094170405805
1884-08-31,3563.854779144013,13.859813341769323,0.06869768310911795
1884-09-30,3470.8111021568666,13.569154744335721,-0.026107594936709
1884-10-31,3377.128188838483,13.273251319134156,-0.026991648511256128
1884-11-30,3328.4298482325394,13.304437602119725,-0.014420045045045349
1884-12-31,3340.544822775915,13.432292746944762,0.0036398467432952053
1885-01-31,3283.085912402592,13.129817425635958,-0.017200460829493003
1885-02-28,3402.994688955614,13.384817593597964,0.036523191823899515
1885-03-31,3429.763096834984,13.734194093452512,0.007866132723111985
1885-04-30,3440.640979411894,13.548548541030055,0.0031716133942161218
1885-05-31,3419.6979473632996,13.711371872561939,-0.006086956521739184
1885-06-30,3422.006771208934,13.978784368698351,0.0006751543209875255
1885-07-31,3567.1900507347214,14.32665877708933,0.042426356589147396
1885-08-31,3784.693998652558,15.130410796707157,0.06097346786248137
1885-09-30,3753.7240592616026,15.116285028724242,-0.008182944090587396
1885-10-31,3988.6143513355046,15.991023962168985,0.06257526881720432
1885-11-30,4264.642137864749,16.824034498619017,0.06920392953929544
1885-12-31,4248.364877796564,16.304475952278523,-0.003816793893129611
1886-01-31,4264.589002001354,16.692317470797654,0.003818910256410346
1886-02-28,4362.7770632060865,17.006648259461002,0.023024038461538332
1886-03-31,4288.349184061769,16.843266101570137,-0.017059748427672883
1886-04-30,4246.5742731759265,16.8017161312463,-0.009741490044958279
1886-05-31,4179.647875573123,16.863195515097832,-0.01576009114583332
1886-06-30,4387.103837524711,17.831494055376883,0.049634794156706574
1886-07-31,4469.85297228869,17.84584504153221,0.01886190476190497
1886-08-31,4519.240794294888,17.72391279961927,0.011049093183239433
1886-09-30,4652.840324293828,18.147143925800027,0.029562383612662835
1886-10-31,4786.774852261591,18.562381342866566,0.028785541439806606
1886-11-30,4921.037532741619,18.968312634942837,0.028048672566371557
1886-12-31,4809.13138274548,18.194057556886445,-0.022740356937248074
1887-01-31,4773.7805721232,17.51222209630496,-0.007350768321513046
1887-02-28,4755.6008522024795,17.12536659697232,-0.0038082437275985814
1887-03-31,4883.468429267941,17.47321371151376,0.026887785800240538
1887-04-30,5011.9429808315745,17.822983639100716,0.02630805408583181
1887-05-31,5115.098272786189,18.07544542745825,0.020581896551723933
1887-06-30,4984.69216569044,17.707695663272993,-0.025494350282485922
1887-07-31,4880.119471551282,17.431460535613077,-0.020978766724840114
1887-08-31,4775.358409550181,16.73984961482071,-0.02146690518783545
1887-09-30,4731.73032622134,16.676629667380144,-0.009136085626911261
1887-10-31,4591.376181631596,15.880666812517317,-0.029662329615861127
1887-11-30,4697.882864691079,15.95071220106678,0.02319711538461533
1887-12-31,4689.757595585481,15.455513454469948,-0.0017295597484277003
1888-01-31,4743.766932348051,15.358662514259906,0.01151644528779272
1888-02-29,4735.332079971481,15.418178318820539,-0.0017780916509730904
1888-03-31,4574.273989183309,14.808972366946572,-0.03401199494949514
1888-04-30,4610.539517709757,15.020108681844464,0.007928149606299062
1888-05-31,4692.030050329147,15.38791695722914,0.01767483660130731
1888-06-30,4564.973143743831,15.077628818434697,-0.027079303675048516
1888-07-31,4701.519903630634,15.279642515498178,0.029911842980705483
1888-08-31,4820.178399642012,15.60291167008881,0.025238326848249004
1888-09-30,4957.515228647684,15.987828821761422,0.028492063492063346
1888-10-31,4947.786028222194,15.715941874329705,-0.0019625154894671315
1888-11-30,4863.912577528827,15.223749016946284,-0.0169517133956385
1888-12-31,4788.8808472457,14.946748301089228,-0.015426208651399542
1889-01-31,4899.844992947444,15.802286071028167,0.023171206225680807
1889-02-28,4973.74007893364,16.192720447849002,0.015081106870228789
1889-03-31,4888.3027984896935,16.06504536076929,-0.017177672955974832
1889-04-30,4896.677588287362,16.050104533967488,0.001713230571611879
1889-05-31,5046.807706494538,16.915421076068377,0.030659588159588358
1889-06-30,5149.9731835774855,17.219302943947692,0.020441729323308122
1889-07-31,5063.0455709070575,16.88921449110752,-0.016879235982747987
1889-08-31,5147.692368950226,17.13185397534573,0.016718553459119656
1889-09-30,5290.084697436474,17.3507880263486,0.027661390440720135
1889-10-31,5211.6712147167445,17.053214402955494,-0.014822727272727376
1889-11-30,5181.17328686766,16.90602117024937,-0.005851851851852108
1889-12-31,5169.874778142404,16.61033807660339,-0.002180685358255441
1890-01-31,5245.997621053649,17.2200719821819,0.014724310776942362
1890-02-28,5205.368767111164,17.026814982671407,-0.007744733581164787
1890-03-31,5184.16895696942,16.90112228858991,-0.004072681704260783
1890-04-30,5310.173063562427,17.257854542603198,0.02430555555555558
1890-05-31,5554.828532477332,17.78643048785862,0.0460729746444033
1890-06-30,5533.413119985575,17.684360844450165,-0.0038552787663108656
1890-07-31,5511.927346222191,17.589295440864863,-0.0038829151732375777
1890-08-31,5400.826524261634,16.596791133979103,-0.020156438026474266
1890-09-30,5329.281379300682,16.169702000615302,-0.013247073321010605
1890-10-31,5107.227988496487,15.48284916334444,-0.04166666666666652
1890-11-30,4753.676444673403,14.745043493292803,-0.06922572178477704
1890-12-31,4661.159741043878,14.442991231338441,-0.019462137296532234
1891-01-31,4922.927769979314,15.428980086469094,0.05615942028985521
1891-02-28,5002.603253859835,15.47652233243254,0.01618457300275522
1891-03-31,4929.435927357802,15.051623357657382,-0.014625850340136304
1891-04-30,5112.197411844043,15.40894512547413,0.03707553707553757
1891-05-31,5110.483059928602,15.566495230713253,-0.0003353454057679617
1891-06-30,5026.168692946614,15.658211395638148,-0.01649831649831679
1891-07-31,4962.262080699526,15.61791923864599,-0.012714776632302471
1891-08-31,5147.783409362995,16.163998509963037,0.03738644304682026
1891-09-30,5584.596673646333,17.71126141325653,0.08485463150777561
1891-10-31,5603.805730372445,17.716568589826363,0.0034396497811131077
1891-11-30,5538.971205036679,17.671739174764,-0.011569731081926271
1891-12-31,5727.1203856522125,18.20630300020994,0.033968253968254425
1892-01-31,5852.54008762821,19.016388404225275,0.02189926062846581
1892-02-29,5882.926914792196,19.036425040978443,0.005192075015123976
1892-03-31,5966.854540614639,19.73805484932302,0.014266304347825942
1892-04-30,5976.362655600953,19.94326524163865,0.0015934886499402445
1892-05-31,5996.775635766628,19.911465213489816,0.003415619389587121
1892-06-30,5985.112248084856,19.76928439713675,-0.0019449431478155699
1892-07-31,6005.971912764177,19.211886434505566,0.0034852587244285083
1892-08-31,6113.77766311769,19.20430380317383,0.017949759326113313
1892-09-30,5982.781092488908,18.69427180958821,-0.021426453143534974
1892-10-31,6124.408150376339,19.04021491532471,0.023672445255474406
1892-11-30,6124.252940271156,18.463312690799995,-2.534287418021197e-05
1892-12-31,6080.272667809603,18.01300925127574,-0.007181328545781018
1893-01-31,6212.765965749411,17.656643708098773,0.021790683605565686
1893-02-28,6124.327260684384,17.12519385487245,-0.014234997029114682
1893-03-31,5924.490054620764,16.899589031582323,-0.032630066545674574
1893-04-30,5947.111341976212,17.102541578254918,0.0038182674199622735
1893-05-31,5443.510849524309,15.780987310776252,-0.08467984934086636
1893-06-30,5207.794083226899,15.41650386359769,-0.04330234159779611
1893-07-31,4745.174023866927,14.349854182760948,-0.0888322487346348
1893-08-31,4654.991121216363,14.588056535807814,-0.019005183413077886
1893-09-30,5009.392252840833,15.012069079138767,0.0761335784313728
1893-10-31,5182.132222535953,15.27179415352019,0.03448321891685735
1893-11-30,5286.657748772734,15.942411400571675,0.020170370370370394
1893-12-31,5125.667259340741,15.612694335464935,-0.030452224653537585
1894-01-31,5044.956402817525,15.739869351948224,-0.015746409674980977
1894-02-28,5138.702670233306,16.20273659644993,0.018582175925925926
1894-03-31,5314.685638391981,17.18762208812194,0.03424657534246589
1894-04-30,5408.635375092823,17.43484907805246,0.017677383592017426
1894-05-31,5230.448257438187,16.80875192091801,-0.03294493070751281
1894-06-30,5181.90811262484,16.606319695292534,-0.009280303030303028
1894-07-31,5097.005612768796,16.289679714916957,-0.016384408602150624
1894-08-31,5311.209772177568,16.457777072998372,0.042025490196078596
1894-09-30,5417.594548415441,16.522315444877226,0.020030234315948636
1894-10-31,5270.132381326594,16.502904205708436,-0.027219122023809716
1894-11-30,5291.716852081912,16.54278444744456,0.004095622119815623
1894-12-31,5264.282836143698,16.672466333767737,-0.005184331797235431
1895-01-31,5224.321216242196,16.524443935162722,-0.007591085271317799
1895-02-28,5171.739959765782,16.33123769321141,-0.010064705882352865
1895-03-31,5192.826011709935,16.3646254271748,0.004077167859984243
1895-04-30,5436.903293203056,16.387543823686304,0.04700278440731909
1895-05-31,5756.409488448362,17.080369553382397,0.05876620900076279
1895-06-30,5889.6018988824535,17.20741353978339,0.02313810556760676
1895-07-31,5935.371624277492,17.546014648740556,0.007771276595744503
1895-08-31,6044.008625740918,18.074072547241798,0.018303319209039604
1895-09-30,6102.366746605328,18.20033594660547,0.009655532359081676
1895-10-31,6034.137137770098,17.944706622466477,-0.011180843706777521
1895-11-30,5851.1757480296055,17.3429989919217,-0.030321052631579026
1895-12-31,5527.172733659775,16.548415156667968,-0.055374001452432764
1896-01-31,5483.373301580541,16.576224828568193,-0.00792438271604956
1896-02-29,5734.673175196887,17.51540335263728,0.045829430132708904
1896-03-31,5664.600623758386,17.232362712298613,-0.012219101123595477
1896-04-30,5736.453539204727,17.643699378130005,0.0126845509893454
1896-05-31,5730.59162778269,17.828266894232836,-0.0010218702865760765
1896-06-30,5646.477830215805,17.77757861643047,-0.014678030303030165
1896-07-31,5300.565710362422,16.637100103394587,-0.06126157407407418
1896-08-31,5018.841954877874,15.703370546226877,-0.05314975247524767
1896-09-30,5302.331879385138,16.54433994303202,0.05648512685914264
1896-10-31,5441.358316048068,16.438866804725894,0.026219866999168673
1896-11-30,5832.959160061544,17.08942524237112,0.07196747967479666
1896-12-31,5639.858913895123,16.501404180590093,-0.03310502283105021
1897-01-31,5659.905805769157,17.026521282380557,0.0035545023696681444
1897-02-28,5626.375558104649,16.894025883254095,-0.005924170616113611
1897-03-31,5660.0261296244125,16.958030716721037,0.005980861244018865
1897-04-30,5504.679350410377,16.696857434734657,-0.027446300715990524
1897-05-31,5552.133482741502,17.047755129229387,0.008620689655172598
1897-06-30,5831.10097390866,17.85049728069061,0.05024509803921551
1897-07-31,6111.048444552987,18.651975755820285,0.04800936768149877
1897-08-31,6528.956465985423,19.00639601051944,0.06838565022421528
1897-09-30,6865.713167915198,19.372370293397797,0.05157894736842117
1897-10-31,6665.80786483333,19.028031223902424,-0.029116465863453733
1897-11-30,6451.450972914415,18.358448098050218,-0.03215767634854794
1897-12-31,6611.00298622305,18.7487576625255,0.02473118279569886
1898-01-31,6813.009721330152,19.249000021813746,0.030556140350877614
1898-02-28,6820.374193928515,18.918131888002133,0.0010809426229505537
1898-03-31,6533.857789991237,18.04217492346867,-0.04200889801505814
1898-04-30,6443.308825313813,17.70508942641177,-0.013858422939068249
1898-05-31,6888.40705330317,17.59563527451281,0.06907913931436904
1898-06-30,7179.549514317179,19.544817480547984,0.042265571526351575
1898-07-31,7230.59384115069,19.8589430141673,0.007109683794466637
1898-08-31,7523.957157215617,20.544915179153268,0.040572506561679766
1898-09-30,7532.880256310985,20.44273286269129,0.0011859582542692593
1898-10-31,7398.8231525100655,19.947199825773648,-0.01779626108998711
1898-11-30,7666.797033776462,20.527416324811284,0.036218446601941734
1898-12-31,8166.387817932321,21.40363198544817,0.06516290726817031
1899-01-31,8812.086517259337,22.93280741648717,0.07906784660766975
1899-02-28,9169.799738725438,23.048117549980184,0.04059347587719264
1899-03-31,9325.11231353943,23.279682245508713,0.016937400950871817
1899-04-30,9466.36105252824,23.15242152568648,0.015147135416667012
1899-05-31,9096.788278823697,22.09126936083418,-0.03904063786008238
1899-06-30,8916.732418500764,21.212091925046824,-0.019793344068706364
1899-07-31,9250.412116830657,21.561425634523115,0.03742174629324557
1899-08-31,9511.463754952521,21.726237373055444,0.028220541401273724
1899-09-30,9433.616953386689,20.59114051411377,-0.008184523809523947
1899-10-31,9414.895345696623,20.153713460686603,-0.001984563055991484
1899-11-30,9618.983744804442,20.196457520802287,0.02167718191377488
1899-12-31,8989.878383785885,18.51264964360019,-0.06540247678018585
1900-01-31,9136.411908106315,18.674275362444774,0.016299833887043258
1900-02-28,9329.250110265115,18.70379741725143,0.02110655737704903
1900-03-31,9433.471805337522,18.77579342123837,0.011171497584541168
1900-04-30,9584.166243122469,18.936402033322736,0.01597444089456901
1900-05-31,9161.835573694654,18.403197016950415,-0.0440654574132493
1900-06-30,8921.034017846305,17.99271158430398,-0.026283112582781487
1900-07-31,8954.335659337838,17.6895454689528,0.0037329351535835276
1900-08-31,9110.960131194857,18.069614666784194,0.017491467576791875
1900-09-30,8931.693554539403,17.341874151224715,-0.01967592592592593
1900-10-31,9291.656204258989,18.102398784556055,0.040301724137931316
1900-11-30,10055.976093773219,19.41958460376076,0.08225873544093165
1900-12-31,10699.99308126024,20.744051160870857,0.06404320987654333
1901-01-31,11050.650181061801,20.9785818345362,0.0327717127607956
1901-02-28,11371.501979635697,21.67914984820619,0.029034653465346283
1901-03-31,11819.17317825929,22.347583950683862,0.03936781609195439
1901-04-30,12850.885224879492,24.40971699482722,0.08729138925876634
1901-05-31,12244.16504273804,23.064012684863567,-0.047212325962326274
1901-06-30,13504.749089289877,25.238466205960354,0.10295385942216484
1901-07-31,12640.405427725063,23.14484855370811,-0.06400294117647054
1901-08-31,12857.361860943887,23.07717771384438,0.017163724253888235
1901-09-30,12835.373213482697,22.590468316860246,-0.0017101990049750437
1901-10-31,12733.318626255077,22.252901618408934,-0.007951041666666825
1901-11-30,13049.679617787917,22.375074777652802,0.024845132743362752
1901-12-31,12882.790150728746,21.680215141029684,-0.012788778877887985
1902-01-31,13201.591943054118,22.340290796033578,0.0247463312368974
1902-02-28,13358.984075240553,22.459957452460408,0.011922208538587942
1902-03-31,13419.132126250868,22.410652288217346,0.0045024420024419864
1902-04-30,13921.435879915702,22.823108698497855,0.03743191056910544
1902-05-31,13932.95499254433,22.427954493329807,0.0008274371069183495
1902-06-30,13895.213043933714,21.96374229551463,-0.0027088258471237303
1902-07-31,14253.99372318344,22.385686589401374,0.025820451843043823
1902-08-31,14680.329018002727,23.168671834092866,0.029909883720930397
1902-09-30,14758.953845463246,22.856566381954504,0.005355794639486655
1902-10-31,14337.628794867287,20.604425401859814,-0.028547080979284267
1902-11-30,13831.434097974987,20.408541255072183,-0.03530532866588876
1902-12-31,13558.666131843805,19.633232126823845,-0.019720873786407744
1903-01-31,14295.788770814866,20.318132053828503,0.054365424430642184
1903-02-28,14258.232753624394,20.10705151755281,-0.0026270685579199426
1903-03-31,13746.083588623518,19.884560384872845,-0.03591954022988497
1903-04-30,13232.40594148388,18.980022601826274,-0.03736901815181504
1903-05-31,13024.429513906814,18.95485872303988,-0.01571720430107526
1903-06-30,12353.214396413809,17.818551722968518,-0.05153508771929838
1903-07-31,11834.439609383351,16.918178414766665,-0.0419951253481895
1903-08-31,11503.780759616067,16.2991187909035,-0.0279403892944039
1903-09-30,11276.047543220955,15.654359115196922,-0.019796380090497556
1903-10-31,10960.40825772788,15.252943825778841,-0.0279920144255541
1903-11-30,11046.244362334128,15.407877534297898,0.007831469648562184
1903-12-31,11607.644520345539,16.042894140050144,0.050822717622081015
1904-01-31,11853.033423466539,15.861833914033639,0.021140284119735897
1904-02-29,11584.403111335654,15.021498380331439,-0.02266342315369263
1904-03-31,11599.254910196341,15.081930176258865,0.0012820512820512775
1904-04-30,11935.880920430907,15.565490611691478,0.029021347736625236
1904-05-31,11734.148354723779,15.525820896254636,-0.01690135542168647
1904-06-30,11801.84536446257,15.474433638652654,0.005769230769230749
1904-07-31,12340.678465607327,16.03640162962411,0.04565668202764961
1904-08-31,12808.353169552844,16.30465197885103,0.03789700098328441
1904-09-30,13423.495190534699,16.742600049163688,0.048026628625772894
1904-10-31,14260.431166286082,17.633197370821403,0.062348588342440836
1904-11-30,15081.295318570803,18.076200223770066,0.05756236559139771
1904-12-31,15276.656855235278,18.1596791187032,0.012953896368829154
1905-01-31,15658.064054720984,18.459852032455846,0.02496666666666658
1905-02-28,16393.804227430606,19.16899637582983,0.04698793989719263
1905-03-31,16908.439274911023,19.831506074218417,0.0313920454545451
1905-04-30,16752.230829933873,19.482927524711283,-0.009238489871086664
1905-05-31,15977.440154049431,18.62948750984512,-0.04625000000000001
1905-06-30,16215.535340658795,18.735862386183527,0.014901960784313717
1905-07-31,16775.17557537609,19.205883309548046,0.034512596899225256
1905-08-31,17450.23297430514,19.573308430803714,0.040241450582487515
1905-09-30,17558.50661187216,19.74349241969777,0.006204710144927406
1905-10-31,17857.600458248282,19.89739481432952,0.017034127843987168
1905-11-30,17814.40325343609,19.443525693264977,-0.0024189814814812305
1905-12-31,18307.121710767962,19.57796080909611,0.02765843179376981
1906-01-31,18994.086538206095,20.132402260807886,0.03752445842068508
1906-02-28,18914.17474048583,19.86675256367588,-0.0042071935157041995
1906-03-31,18506.860560806577,19.259453020854103,-0.02153486394557802
1906-04-30,18312.19329582466,18.876204996115874,-0.010518654114365478
1906-05-31,17884.844055319063,18.054044460926388,-0.023336868151290102
1906-06-30,18177.89183600036,18.172666376497496,0.01638525780682687
1906-07-31,17769.182461494158,18.19520014351374,-0.02248387096774196
1906-08-31,19144.806799460108,18.967251477549294,0.07741629874908029
1906-09-30,19797.80605501723,19.200993682001354,0.034108427543679154
1906-10-31,19269.519134886803,18.095380908869092,-0.02668411432369533
1906-11-30,19730.66071048376,18.141851654007958,0.02393114080164449
1906-12-31,19618.065466415876,17.660003667768656,-0.0057066129573682955
1907-01-31,19126.83296163478,17.21891385370598,-0.025039803523035253
1907-02-28,18594.426095383136,16.21707128876615,-0.02783559972106009
1907-03-31,16835.72002750628,14.687545255978646,-0.09458243340532746
1907-04-30,16985.81332791118,14.669709905602732,0.008915169660678401
1907-05-31,16469.001230499674,13.790107153424241,-0.030426102502979724
1907-06-30,16011.528974096906,13.144269952673199,-0.02777777777777779
1907-07-31,16696.25670072833,13.585007357961837,0.04276466836734705
1907-08-31,15517.998036568511,12.513471604446604,-0.0705702293202295
1907-09-30,15426.978349103028,12.328569657736622,-0.005865427180168026
1907-10-31,13824.453518738203,10.831840153050601,-0.1038780760626401
1907-11-30,13088.24237897839,10.59117755918978,-0.05325426706827319
1907-12-31,13835.144744072091,11.333306235811172,0.05706666666666682
1908-01-31,14501.404181538075,11.902968628266976,0.0481570268899032
1908-02-29,14048.596953889,11.55484629514479,-0.03122506082725074
1908-03-31,14699.586231929065,11.984662664464297,0.04633838383838418
1908-04-30,15567.350379368765,12.448889158370365,0.05903323629306145
1908-05-31,16481.770950167946,13.078451355438336,0.058739640883977984
1908-06-30,16578.97667661061,13.05168412922999,0.00589777195281771
1908-07-31,17261.937204692586,13.345487104834394,0.04119437172774876
1908-08-31,18078.046868432535,13.884232895208608,0.0472779882154879
1908-09-30,17955.848609737524,13.701442268825105,-0.006759483454398474
1908-10-31,18250.112807628848,13.690810359178702,0.016388208894328793
1908-11-30,19560.078835063177,14.435014091256253,0.07177851672712632
1908-12-31,20076.95521047066,14.582482908962435,0.026425066062665037
1909-01-31,20218.37953597964,14.764418456441348,0.007044112218531184
1909-02-28,19713.794094524765,14.167157516701362,-0.024956769683591062
1909-03-31,20059.15885849134,14.33605838058621,0.017518939393939226
1909-04-30,21036.12459912076,14.645198603086113,0.04870422272047836
1909-05-31,21814.201643373115,14.95350978658278,0.036987660944206135
1909-06-30,22278.574575552917,15.04044467608099,0.021287642782969796
1909-07-31,22677.031428484548,15.23150324049768,0.01788520408163241
1909-08-31,23305.687865645596,15.417580706254755,0.027722166331321185
1909-09-30,23410.61687944803,15.25444643682117,0.004502292075966086
1909-10-31,23585.46899259818,14.98884529612176,0.007468923781485337
1909-11-30,23554.0947087395,14.745631176824583,-0.0013302378624960864
1909-12-31,23916.584051015456,14.750638489265029,0.015389652914211016
1910-01-31,23491.368084574464,14.547885040564143,-0.017779126213592233
1910-02-28,22738.813096746042,14.002037903032695,-0.032035383597883604
1910-03-31,23387.504802673873,14.05000696507782,0.028527949245541695
1910-04-30,22912.005834547217,13.559883620820077,-0.02033132530120496
1910-05-31,22623.739643170346,13.568792287251442,-0.012581447187928751
1910-06-30,21624.87945059139,13.01965730231593,-0.044150976290097566
1910-07-31,20622.352415622358,12.342581259985216,-0.046359890109889834
1910-08-31,21215.08592448187,12.74505515088625,0.028742283950617065
1910-09-30,21451.308514931025,12.937161101070844,0.011134651600753331
1910-10-31,22531.69849204385,13.918866656445807,0.05036475869809198
1910-11-30,22601.707122462176,14.16452317578035,0.0031071173104435523
1910-12-31,22065.594305826613,13.741478417781545,-0.023720014321518157
1911-01-31,22697.491159336012,14.049215181401202,0.028637200736648216
1911-02-28,23185.14851164465,14.7214884699283,0.0214850773103199
1911-03-31,23010.99354314962,14.37062322197953,-0.007511488158359669
1911-04-30,23008.93605088002,14.75293542032935,-8.941344778279348e-05
1911-05-31,23601.92856584074,15.04766059168504,0.02577227011494254
1911-06-30,24172.47448317602,15.32835568471928,0.024173699015471062
1911-07-31,24170.39136748461,15.083110578700268,-8.617718028247623e-05
1911-08-31,23114.13940827902,13.899790665654445,-0.04370024229837344
1911-09-30,21952.55097745584,12.99795398325244,-0.05025445292620856
1911-10-31,22178.32211880415,13.0664728506192,0.01028450595924646
1911-11-30,23168.123000826465,13.7279975864131,0.04462920489296618
1911-12-31,23370.34384657054,13.92925841957824,0.008728408673281951
1912-01-31,23496.644607131766,13.794952631845826,0.005404317599706943
1912-02-29,23391.80714768675,13.531634369686598,-0.004461805555555531
1912-03-31,24166.46669025741,13.63976917394417,0.03311670353982321
1912-04-30,25022.535621857714,13.654392690553234,0.03542383512544789
1912-05-31,25099.551455341054,13.645500685612376,0.0030778588807789387
1912-06-30,25203.259588094064,13.785417404502532,0.004131871955462385
1912-07-31,25333.879821763046,13.802876645015788,0.005182672233820407
1912-08-31,26019.994726529203,13.984761763426283,0.02708289885297188
1912-09-30,26258.15769219209,13.926285001315877,0.009153075093442098
1912-10-31,26311.042402959916,13.905092701178475,0.0020140297498310034
1912-11-30,26123.69209425049,13.74954101860654,-0.007120596205962171
1912-12-31,25291.385357434694,13.388999452579634,-0.031860226104830636
1913-01-31,25183.532967850755,13.148088791761563,-0.004264392324093591
1913-02-28,24398.24000433713,12.682960516236765,-0.03118279569892468
1913-03-31,24044.64232311485,12.443453515183664,-0.01449275362318847
1913-04-30,24126.612694670926,12.43306708179517,0.003409090909090917
1913-05-31,23577.656774428135,12.221401061154129,-0.022753128555176083
1913-06-30,22502.18471103316,11.49196285276123,-0.04561403508771966
1913-07-31,22917.865463084265,11.53402279545986,0.01847290640394106
1913-08-31,23641.880653898592,11.846840543564632,0.03159173754556499
1913-09-30,23977.623337740933,11.843316826625976,0.014201183431952424
1913-10-31,23331.09891011134,11.471490240312297,-0.02696365767878084
1913-11-30,22850.918908329393,11.072537845038012,-0.020581113801452555
1913-12-31,22936.07761233558,11.174040870036798,0.003726708074533791
1914-01-31,23990.404977703616,11.636092105046137,0.045968076285240356
1914-02-28,24417.952019819208,11.910233879798243,0.017821585025886266
1914-03-31,24068.815618592427,11.685526018836828,-0.014298349056603876
1914-04-30,23601.132302285638,11.522662536200235,-0.01943108974358998
1914-05-31,23856.66590839106,11.479008694164483,0.010827175697865732
1914-06-30,23849.365827023743,11.428715168831888,-0.0003059975520195435
1914-07-31,22638.074235460575,10.694345183040141,-0.05078925789257893
1914-08-31,22746.155319050013,10.492046265076437,0.00477430555555558
1914-09-30,22853.51835685152,10.500497301802135,0.004720052083333481
1914-10-31,22960.148271059923,10.612759466126228,0.0046657986111111605
1914-11-30,23066.030031207498,10.516917642992123,0.0046115451388888395
1914-12-31,22180.030179748355,10.172217991997865,-0.03841145833333337
1915-01-31,22678.150404011918,10.359834197757273,0.02245804988662159
1915-02-28,22481.510425631313,10.329786209660693,-0.008670900178253449
1915-03-31,23167.55696950291,10.707013188682815,0.03051603432700989
1915-04-30,25019.96688293962,11.401123789000186,0.07995706737120223
1915-05-31,24544.61824922382,11.026929876471312,-0.018998771498771605
1915-06-30,24931.826325377715,11.154262189096341,0.015775681341718917
1915-07-31,24948.829996316876,11.113629393949601,0.0006820066334993768
1915-08-31,26118.58542853078,11.5848316416046,0.046886183936745374
1915-09-30,27199.69154694228,12.01157075782589,0.041392215568862634
1915-10-31,28819.397582353584,12.549076133220158,0.05954869130100082
1915-11-30,29941.16793390887,12.857714453559312,0.038924142961342056
1915-12-31,30117.882015266507,12.87844460218599,0.005902043692741277
1916-01-31,29758.03474702503,12.543563692516173,-0.011947960618846731
1916-02-29,29463.45784536258,12.3546523264588,-0.009899071096820311
1916-03-31,29490.812957945454,12.17705279574848,0.0009284420289854545
1916-04-30,29296.0567440547,11.906481776593186,-0.0066039621955652494
1916-05-31,30072.386097795985,12.026256671905164,0.02649944873208354
1916-06-30,30498.168263420117,11.995961222946583,0.014158576051779947
1916-07-31,30211.92210081954,11.791165275254553,-0.009385683760683494
1916-08-31,30581.98814193711,11.732082638874166,0.012249006861682954
1916-09-30,31976.126714267797,11.944552417504473,0.04558691756272393
1916-10-31,33115.30375612089,12.045741763370803,0.03562586088154296
1916-11-30,34030.34352891444,12.053230403230502,0.02763193052772217
1916-12-31,32819.33881306341,11.413559188849495,-0.035586026771139645
1917-01-31,32208.385611281446,10.992361427383427,-0.018615646258503538
1917-02-28,30554.12994382219,10.063187738735731,-0.051361024033437674
1917-03-31,31668.61128936443,10.32715708010788,0.03647563676633436
1917-04-30,31363.405473259358,9.644531197281236,-0.009637486573576881
1917-05-31,30478.195870216383,9.13898881337358,-0.02822428207924388
1917-06-30,31276.557189803978,9.148220259539583,0.026194507148231905
1917-07-31,30594.919685119847,9.003472377228807,-0.02179387905604724
1917-08-31,29877.528569674196,8.57268046675378,-0.023448047023132412
1917-09-30,28633.36126283328,7.950823264217064,-0.04164224306369668
1917-10-31,27278.18400363985,7.387133711108147,-0.0473286124794744
1917-11-30,25206.036536488355,6.753013604774306,-0.07596354166666663
1917-12-31,24552.613004114897,6.412593898119819,-0.025923295454545525
1918-01-31,26237.59624949533,6.64064602865535,0.06862745098039214
1918-02-28,27241.369291402745,6.784343551630279,0.03825705039297267
1918-03-31,26893.061070314823,6.686355760455893,-0.012786002691790088
1918-04-30,26834.57112522142,6.520727730547159,-0.002174908424908306
1918-05-31,27889.0965739703,6.5823632316210805,0.0392972723069811
1918-06-30,28123.37997932959,6.496291318641054,0.008400537634408511
1918-07-31,28544.916099825135,6.371324093848989,0.014988814317673294
1918-08-31,29004.1940441743,6.303073760914592,0.01608965823346664
1918-09-30,29042.458152412,6.149170562431681,0.0013192612137205018
1918-10-31,30464.40874497594,6.290515321191321,0.048961096374889435
1918-11-30,31426.918690480903,6.333327495354156,0.03159457167090762
1918-12-31,30988.26753009888,6.134580411283432,-0.013957816377171195
1919-01-31,30977.38241080824,6.098467639950105,-0.0003512658227849963
1919-02-28,31281.006797006747,6.239692771364978,0.009801486199575438
1919-03-31,32418.979125493453,6.356074004869144,0.03637901861252102
1919-04-30,33682.16814484651,6.4561395558192745,0.03896449096880161
1919-05-31,36195.718342727676,6.8290022614820325,0.0746255462852603
1919-06-30,37349.11219181311,7.0216152147841315,0.03186547751765145
1919-07-31,38750.44736667549,7.052837165446311,0.037519905899384476
1919-08-31,36327.11825940462,6.479131101705276,-0.06253680336487888
1919-09-30,37084.78645309005,6.55848167206126,0.020856820744080906
1919-10-31,39162.21362762234,6.7947041999493,0.056018312985571805
1919-11-30,38188.086302198186,6.467022574133132,-0.024874164026751355
1919-12-31,37249.65944439119,6.160717033799178,-0.024573812114616955
1920-01-31,37057.66918733335,5.98966777113944,-0.005154147982062929
1920-02-29,34178.215547091066,5.455347649907773,-0.07770196300490761
1920-03-31,36767.953793020344,5.79882272755716,0.07577160493827173
1920-04-30,36656.031350053694,5.599858725506185,-0.003044021530180907
1920-05-31,34539.67833074144,5.1889504620474955,-0.05773546511627903
1920-06-30,34125.43074116679,5.043639680451621,-0.011993382961124843
1920-07-31,34268.44588283563,5.080592919540796,0.004190867003367016
1920-08-31,33111.97609041583,5.020701077922858,-0.033747366203118356
1920-09-30,34475.30361475258,5.297162770108058,0.041173245614035014
1920-10-31,34706.489656463964,5.351177393424157,0.006705844980940512
1920-11-30,33132.54888241771,5.126407930947928,-0.045350042301184335
1920-12-31,30353.046954113273,4.784241045083249,-0.083890374331551
1921-01-31,31878.053564296813,5.122184146887375,0.050242290748898855
1921-02-28,31841.325802161664,5.274857191205047,-0.0011521331458042017
1921-03-31,31216.488642741293,5.192348158684178,-0.019623465533522233
1921-04-30,31539.12708458785,5.297085922739675,0.010335513565891796
1921-05-31,32683.694634309777,5.609469225330777,0.036290400385914356
1921-06-30,30252.69183233132,5.216110960989321,-0.0743796816479404
1921-07-31,30345.37437931892,5.197779361905471,0.0030636132315522424
1921-08-31,30158.213590172352,5.161294823215731,-0.006167687595712179
1921-09-30,31090.429688550743,5.377524425458258,0.030910852713178283
1921-10-31,31697.30452827317,5.479257678053347,0.019519667170952992
1921-11-30,33583.4518457379,5.838196993200892,0.059504975124378134
1921-12-31,34955.01397258225,6.114158849417271,0.04084041548630801
1922-01-31,35092.17215554353,6.287087290347127,0.0039238486092112446
1922-02-28,36048.914561469144,6.461305872696982,0.027263698630136668
1922-03-31,37592.22851429344,6.821387249036041,0.04281166219839161
1922-04-30,40067.90017830484,7.27325339020986,0.0658559431524548
1922-05-31,41825.16147642114,7.593467258919378,0.04385708485586659
1922-06-30,41631.072460191164,7.557987351755127,-0.0046404845642830095
1922-07-31,42127.52505209318,7.602095045774033,0.011925049309664981
1922-08-31,43915.13966537399,8.020030689895778,0.04243341167254222
1922-09-30,45265.21108345586,8.265083002284305,0.03074273310683262
1922-10-31,46473.32424571546,8.4321519987619,0.02668966151582053
1922-11-30,44376.25312950897,7.998253772269838,-0.04512419006479462
1922-12-31,44489.715140351465,7.964679864940001,0.002556818181818077
1923-01-31,45313.84742052823,8.154200483069154,0.018524107820804936
1923-02-28,47466.38245909159,8.53336057906597,0.047502808988764134
1923-03-31,48453.134213696445,8.700737500978533,0.020788433908045967
1923-04-30,46978.7733349582,8.372809668463816,-0.030428596677270936
1923-05-31,44981.874322239564,8.000497867598213,-0.04250641025641011
1923-06-30,43494.58436002787,7.67182528267308,-0.03306420607458682
1923-07-31,42261.06438811473,7.345985119490649,-0.028360311750599387
1923-08-31,42699.448650941384,7.441783174217368,0.01037324234904835
1923-09-30,43193.655232549514,7.458183867189792,0.011574074074074403
1923-10-31,42790.2936239208,7.31740039562148,-0.009338445807771212
1923-11-30,44303.807091733266,7.546327911916232,0.03537048567870493
1923-12-31,46040.42347209243,7.809739144938741,0.03919790407093937
1924-01-31,47786.7735308287,8.072249446037377,0.03793079922027287
1924-02-29,48243.760484573395,8.162066220850354,0.009563042657606546
1924-03-31,47561.62163142342,8.05807704411609,-0.014139421270199293
1924-04-30,46712.75602236374,7.92362034832798,-0.017847701149425133
1924-05-31,46794.41175176362,7.899698330665294,0.0017480392156863367
1924-06-30,47926.98015897868,8.05167694639665,0.024203069657615206
1924-07-31,50399.08859771194,8.377712139971836,0.05158072614909237
1924-08-31,52381.98297219168,8.717418308548334,0.03934385382059791
1924-09-30,52131.94406346467,8.581670375209058,-0.004773376159886045
1924-10-31,51712.39932804222,8.419491035872428,-0.008047747747747525
1924-11-30,54859.84175629326,8.888327361250973,0.06086436655713756
1924-12-31,58079.91718441593,9.310639680416374,0.05869640387275221
1925-01-31,60744.86692779731,9.692618852254997,0.04588418635170588
1925-02-28,61528.722594840554,9.830804722819574,0.012904064272211802
1925-03-31,60184.403620621044,9.51853753881003,-0.02184864104967188
1925-04-30,59820.777447638895,9.476566787903069,-0.006041867179980787
1925-05-31,62017.89141050985,9.72900769402133,0.03672827496757436
1925-06-30,63408.56907291173,9.796386180450613,0.022423814011938603
1925-07-31,65453.29972005302,9.963993891787801,0.03224691358024678
1925-08-31,66624.43222172571,10.110918458488944,0.017892642642642675
1925-09-30,68454.1365362594,10.359247611348504,0.0274629629629628
1925-10-31,71007.38860108599,10.718495997022929,0.037298725745728456
1925-11-30,73513.54929296536,10.886317440307936,0.035294365012615625
1925-12-31,75012.60209257722,11.147365239137258,0.020391517128874437
1926-01-31,76461.23029310099,11.340966188506235,0.01931179775280878
1926-02-28,76891.8913728151,11.38943567274801,0.005632411067193699
1926-03-31,71987.52991143735,10.712352062732485,-0.06378255722178361
1926-04-30,70296.03630005514,10.395587685954728,-0.023497036409822147
1926-05-31,71111.20701716703,10.575158463806094,0.011596254355400237
1926-06-30,74825.168196805,11.197979740229957,0.05222750865051928
1926-07-31,78312.32379557229,11.869694058481278,0.04660404624277459
1926-08-31,81756.32852667707,12.488808219521875,0.04397781299524528
1926-09-30,83349.23717603926,12.69261482334472,0.019483612804878092
1926-10-31,81823.98368041916,12.426517521583351,-0.01829954954954971
1926-11-30,83249.77602277668,12.615251212344482,0.01742511520737322
1926-12-31,85506.16684371243,13.009052728993128,0.027103866565579837
1927-01-31,85303.70505874089,13.18593062867779,-0.0023678033110945407
1927-02-28,87331.94918530236,13.633966132216214,0.023776741293532355
1927-03-31,89052.8020151494,14.033257507604493,0.01970473401659345
1927-04-30,91619.24983674318,14.488222209157056,0.028819394376351948
1927-05-31,95167.1585421558,15.002347055737106,0.038724489795917805
1927-06-30,96791.04259664498,15.120333481747522,0.017063492063492225
1927-07-31,99335.24726288443,15.820802594477744,0.026285538392657237
1927-08-31,105026.08438884665,16.862861852763803,0.05728920280332894
1927-09-30,111397.75419971088,17.81872371351643,0.060667498440424295
1927-10-31,110102.66214687646,17.53723785226109,-0.011625836284927304
1927-11-30,113030.8670899543,18.13130143495243,0.026595223820943037
1927-12-31,116106.19890751512,18.64662402140253,0.02720789370848009
1928-01-31,117002.09854370156,18.806128571700775,0.007716208476517883
1928-02-29,116036.14710549636,18.86885051958404,-0.008255847119224113
1928-03-31,122707.7789276224,19.94341779906454,0.05749615088529625
1928-04-30,130886.44850147092,21.257909249487504,0.06665159817351585
1928-05-31,135386.11995031897,21.832732178740034,0.03437843642611704
1928-06-30,129209.12822758566,20.913421576866707,-0.04562500000000003
1928-07-31,130622.5370535838,21.08190543529679,0.01093892393971263
1928-08-31,135317.09694587192,21.762131502579237,0.03593989213639537
1928-09-30,145299.41227921456,23.004649446159235,0.07376980114593845
1928-10-31,148729.25397979232,23.57834423958504,0.023605337742088173
1928-11-30,159266.13634710372,25.12198457110959,0.07084606481481459
1928-12-31,160376.94743105109,25.30159102742615,0.006974559121133428
1929-01-31,172719.8528884876,27.083199620832772,0.0769618430525556
1929-02-28,174126.76239009335,27.13167279824738,0.008145615446500498
1929-03-31,177703.59597793844,27.67574843786188,0.020541549953314808
1929-04-30,177173.67635433146,27.568454472898306,-0.002982042207366309
1929-05-31,180362.5221906139,27.698586875008125,0.01799841772151889
1929-06-30,184339.72901600448,27.93546783028868,0.022051182125227387
1929-07-31,201305.09349650866,29.933289406842203,0.09203314212874458
1929-08-31,213303.5273522082,31.480313247173,0.059603230337078594
1929-09-30,222362.43131007883,32.5637885987767,0.042469545957917854
1929-10-31,199409.84488331695,28.961067164354795,-0.10322151224707143
1929-11-30,147188.54574095493,21.171036000097043,-0.2618792425866381
1929-12-31,153631.32262571246,22.00737317641834,0.04377227081308699
1930-01-31,156437.6069254504,22.31072429433685,0.01826635514018715
1930-02-28,166820.96393325328,23.69711774933588,0.0663737908797788
1930-03-31,173698.02017833444,24.586607792668854,0.041224172807398096
1930-04-30,185314.95199082536,25.84343686201831,0.06688004734057351
1930-05-31,174842.27950430012,24.309760633908173,-0.056512830583922424
1930-06-30,157761.56182716216,21.86689933338948,-0.09769214703425255
1930-07-31,154985.46172936555,21.548797592546638,-0.017596809169764804
1930-08-31,153597.4489265321,21.300602241118142,-0.008955761316872368
1930-09-30,154125.38628605794,21.07258178844731,0.0034371492704827755
1930-10-31,133517.42032546338,18.214870154658623,-0.13370909528392694
1930-11-30,124439.42786315619,16.939711377775165,-0.06799107142857153
1930-12-31,116739.95664458744,16.05500185653132,-0.0618732450862417
1931-01-31,120883.87385694399,16.705478731547608,0.03549699118848082
1931-02-28,130713.75761900845,18.161492436976086,0.08131675010429684
1931-03-31,133816.94275628147,18.579561032791283,0.023740310077519755
1931-04-30,121658.34144432271,16.872315331609663,-0.09085995436394789
1931-05-31,110505.87935060338,15.401539999110108,-0.09167034468263968
1931-06-30,107536.94958437991,15.062476074643248,-0.026866713189113822
1931-07-31,111676.32097888991,15.51675009551632,0.038492549867820136
1931-08-31,108892.40096760701,15.006276602886546,-0.024928471737613367
1931-09-30,93237.48624816326,12.817745261106884,-0.14376498800959248
1931-10-31,81340.90580537054,11.14592640766093,-0.12759439278670037
1931-11-30,83002.97164732697,11.415600295644673,0.020433333333333525
1931-12-31,67970.83257292333,9.306032867968316,-0.18110362528071888
1932-01-31,67375.75222890271,9.312406455177845,-0.008754936808846425
1932-02-29,67326.16746345712,9.336932251008403,-0.000735943775100667
1932-03-31,68076.05389733524,9.41306502801221,0.011138112596192684
1932-04-30,52247.47852046159,7.192233196115487,-0.23251311541565778
1932-05-31,46317.431306700135,6.390857289881444,-0.1134992038216559
1932-06-30,40559.27514606681,5.565059371528965,-0.1243194192377497
1932-07-31,43048.738831787916,5.838763671851201,0.06137840670859518
1932-08-31,65136.42233349305,8.834653205181212,0.5130854956753161
1932-09-30,71869.20436752166,9.76116856406371,0.10336432049579458
1932-10-31,62351.392775803084,8.478606607689082,-0.13243240516545574
1932-11-30,62122.75640692834,8.463309567122897,-0.0036669007490635064
1932-12-31,60463.21232324443,8.257073999100678,-0.02671394799054394
1933-01-31,63222.62212318722,8.728046162813525,0.045637829912023475
1933-02-28,56096.329855188094,7.8260517513165935,-0.1127174424071462
1933-03-31,56279.57786604839,7.874681322943166,0.003266666666666973
1933-04-30,62603.12594088528,8.723101646068109,0.11235955056179758
1933-05-31,80953.231857399,11.249651251932443,0.2931180454765361
1933-06-30,95183.17330846943,13.098875517269521,0.1757797820368283
1933-07-31,103233.43447736427,13.75430449387453,0.0845765158806544
1933-08-31,98437.93655640626,12.999527050367737,-0.046452953398634644
1933-09-30,97957.43272676121,12.922920614885996,-0.004881287097781795
1933-10-31,88768.13669828195,11.696253568143694,-0.09380907372400771
1933-11-30,91250.70107976529,12.011766193389933,0.027966841186736202
1933-12-31,93365.57758740813,12.281801622601112,0.023176550783913008
1934-01-31,99047.42393727774,13.02511982833238,0.06085590103644245
1934-02-28,106723.20773871681,13.926922904274296,0.07749604680581901
1934-03-31,101602.70931088195,13.254537629740083,-0.04797924028268552
1934-04-30,103655.02412426662,13.518389284490093,0.020199410304158727
1934-05-31,93470.03206368032,12.181583235024025,-0.09825854700854675
1934-06-30,95062.00806000787,12.287726483952426,0.017031940197077766
1934-07-31,90922.41146153962,11.741524229318243,-0.043546277665995836
1934-08-31,87727.40560366065,11.31502598182905,-0.03513991552270335
1934-09-30,85966.02889316593,10.909954083288843,-0.020077838827838534
1934-10-31,87005.34979240638,11.10835260535173,0.012089902402402153
1934-11-30,89799.56629616773,11.4488086902057,0.032115456238361206
1934-12-31,90751.24648245864,11.639337566475884,0.010597826086956585
1935-01-31,91118.75962966081,11.4959079682016,0.004049676025917881
1935-02-28,88732.55021171345,11.087812159055568,-0.02618790496760237
1935-03-31,83470.84831998321,10.398272404790033,-0.059298440979955624
1935-04-30,90093.15595678083,11.104210207149528,0.0793367717003568
1935-05-31,97537.24664503268,11.985576683480105,0.08262659476401191
1935-06-30,101605.46684697933,12.5395193244439,0.04170940170940152
1935-07-31,107294.83752022916,13.20213793651102,0.05599472990777343
1935-08-31,114917.97621102475,14.105056846668957,0.07104851330203421
1935-09-30,117714.27994175332,14.418891702707441,0.024333040164175035
1935-10-31,121237.59710624594,14.826232627114097,0.02993109388458226
1935-11-30,133018.935191934,16.129605163251146,0.09717561521252804
1935-12-31,133418.46803664393,16.159192714615333,0.0030035787321063268
1936-01-31,141194.39102037472,17.08735984599725,0.05828220858895716
1936-02-29,149719.75486771687,18.104536459517796,0.06038032945736438
1936-03-31,153338.41102774983,18.66047820392603,0.024169530355097057
1936-04-30,153989.07340693974,18.718999665151504,0.004243309780170845
1936-05-31,146273.52142771453,17.75019251932865,-0.050104541890681364
1936-06-30,152978.1570502884,18.393001065831353,0.04583629051336646
1936-07-31,162532.7832649677,19.360464512319144,0.06245745405037417
1936-08-31,166284.47722315113,19.623060162983766,0.02308269065981139
1936-09-30,168703.12877696406,19.862024243287642,0.014545263600084235
1936-10-31,178098.8831084729,20.913091852533128,0.055694013499480555
1936-11-30,183655.31958381803,21.499765341024176,0.03119860371028227
1936-12-31,181116.30594901866,21.12566354815545,-0.013824884792627001
1937-01-31,187388.84702550631,21.618741582953522,0.03463266901133277
1937-02-28,193585.42724266584,22.24422155280517,0.03306803107826406
1937-03-31,194039.72766551582,22.042197016050586,0.0023467697404748744
1937-04-30,183152.47926416158,20.556579457432868,-0.056108347153123184
1937-05-31,175696.09526119675,19.47417468657211,-0.04071134626690176
1937-06-30,169857.57886482464,18.71165996036497,-0.0332307692307694
1937-07-31,180696.92061402663,19.64672327960763,0.06381429560954777
1937-08-31,183271.72723328887,19.806982577380964,0.014249311003822207
1937-09-30,158027.15986697518,16.84788286270581,-0.13774392672242108
1937-10-31,135758.19683770413,14.361659574753354,-0.14091858037578298
1937-11-30,124546.35335565434,13.158119166486065,-0.08258686210640598
1937-12-31,123286.06287526977,13.008483033706135,-0.010119047619047472
1938-01-31,127270.0495731295,13.511461918562416,0.03231498033877833
1938-02-28,124969.46150556835,13.263076236460867,-0.01807642941349863
1938-03-31,117441.8626014739,12.377286234697689,-0.06023550724637672
1938-04-30,113385.37871013583,11.789517720684188,-0.03454035725832538
1938-05-31,115136.92199044245,11.992275930545695,0.015447699696663264
1938-06-30,118501.81199517314,12.288966307788126,0.029225116900467363
1938-07-31,142752.83544651474,14.770328017492066,0.20464685765589308
1938-08-31,144236.60480267368,14.903588512604369,0.010393974673202688
1938-09-30,138319.5060678767,14.282330508639971,-0.041023558082859846
1938-10-31,154339.06304722728,16.061147643333445,0.11581560283687953
1938-11-30,155008.73228454296,16.149571800715513,0.004338948443083135
1938-12-31,151006.0201846169,15.756484438994002,-0.02582249426166805
1939-01-31,149254.13318263702,15.599634410919284,-0.011601438140268039
1939-02-28,148574.19801870306,15.66469692895477,-0.004555553333333462
1939-03-31,148973.59102412965,15.729223743214224,0.0026881720430105283
1939-04-30,130740.9919680342,13.916994579812405,-0.12238812886736594
1939-05-31,136099.66946467463,14.502929499657773,0.04098697291474296
1939-06-30,139058.79703614608,14.833828921489788,0.021742356782427752
1939-07-31,143012.78732807504,15.270952598570254,0.02843394575678082
1939-08-31,141496.35512540757,15.120082343333987,-0.010603472815257642
1939-09-30,157150.05356937955,16.452835577060963,0.11062969381860177
1939-10-31,159344.65755422995,16.821204806265634,0.013965022187418574
1939-11-30,157121.24372789185,16.599238509946645,-0.013953488372093092
1939-12-31,154041.65081609815,16.28041290128384,-0.019600105235464182
1940-01-31,153816.80749652546,16.37848034261367,-0.001459626785233037
1940-02-29,153469.43474657123,16.216119847731058,-0.0022583536585367714
1940-03-31,153249.6544594955,16.172906305307897,-0.00143207855973837
1940-04-30,155432.428809135,16.370988707128785,0.014243257887517125
1940-05-31,134703.17829618882,14.138747694800726,-0.133365029883184
1940-06-30,123806.82006444766,12.843765598268806,-0.08089161940768741
1940-07-31,128604.45917302003,13.369884763210056,0.038751008273009147
1940-08-31,132019.4643351207,13.649399392391636,0.02655432932932933
1940-09-30,138307.64633735723,14.214842598620635,0.04763071895424842
1940-10-31,140335.20433869667,14.328290323104953,0.014659767952336145
1940-11-30,144335.12822750545,14.636689248763604,0.02850264057160623
1940-12-31,139153.6986850335,13.908426122353838,-0.035898603521554495
1941-01-31,140159.50483477314,13.90415826795083,0.0072280231085788404
1941-02-28,132140.37397668962,13.00294330340245,-0.057214320695102794
1941-03-31,133699.1583006479,12.955719822063328,0.011796427367711582
1941-04-30,130298.8247835679,12.42937038922078,-0.025432721943048353
1941-05-31,128233.80805347682,12.037206512481573,-0.01584831431535294
1941-06-30,133503.2248743381,12.164306590628444,0.04109225874867417
1941-07-31,141132.8486845996,12.744996277919581,0.05714935963114742
1941-08-31,141243.6583750138,12.463173720387806,0.0007851445743991547
1941-09-30,142465.64888984818,12.279729272093077,0.00865164871041424
1941-10-31,137576.894004534,11.577814956574077,-0.034315323893229
1941-11-30,131963.0977689497,10.911668685916965,-0.0408047897592404
1941-12-31,124205.39520533568,10.086593309917903,-0.05878690857346158
1942-01-31,127446.80273430105,10.101686431929254,0.026097155631659152
1942-02-28,124279.26563588044,9.680255591749363,-0.02485379805897714
1942-03-31,118352.65325729076,9.00342661776097,-0.047687861271676346
1942-04-30,114253.233727189,8.544255707588265,-0.034637326813365954
1942-05-31,116378.47989026915,8.506116259696052,0.018601190476190466
1942-06-30,123055.93365446493,8.905456928518053,0.05737704918032782
1942-07-31,128431.52673812983,9.150488900994745,0.04368414365746309
1942-08-31,128472.8173253285,9.012823047564295,0.0003214988425923604
1942-09-30,130591.59681167951,9.077829839371507,0.016492045013581924
1942-10-31,140985.26364701765,9.599176749352987,0.07958909370199674
1942-11-30,144010.69848922835,9.661334152171657,0.02145922746781137
1942-12-31,145518.73026679066,9.617514103283177,0.01047166490672291
1943-01-31,154983.05244713253,10.150534220432082,0.06503851540616257
1943-02-28,164954.2944240334,10.70898299522127,0.06433762801453558
1943-03-31,171576.6409806578,10.850541744036805,0.04014655441222348
1943-04-30,178073.40779888054,11.03922714293969,0.03786510087323092
1943-05-31,185843.36491364814,11.362215800613695,0.04363344988345008
1943-06-30,189894.19800084637,11.516744786451232,0.021797028315110767
1943-07-31,194593.5994346272,11.774213341781655,0.024747472451790653
1943-08-31,185765.5456649402,11.21054590415897,-0.04536661943319842
1943-09-30,190512.5357585929,11.336281939610291,0.0255536626916526
1943-10-31,189563.59186462223,11.187335503326034,-0.0049810050041699805
1943-11-30,181594.1913966033,10.631033673001424,-0.0420407758136927
1943-12-31,184813.09402433067,10.737360316041075,0.01772580170638416
1944-01-31,191592.4356827602,11.052412763977472,0.03668215011614406
1944-02-29,191129.84773817324,10.947918887724722,-0.0024144374120955714
1944-03-31,197327.62954673197,11.224693196180688,0.03242707448314941
1944-04-30,194750.04825782348,10.9382751882394,-0.013062444903581327
1944-05-31,199045.0689341713,11.103736936792625,0.022054015979815045
1944-06-30,209285.19748057803,11.532785272532509,0.05144628099173554
1944-07-31,215607.9849312427,11.738774750180719,0.03021134569850048
1944-08-31,213336.73033700546,11.541711674209225,-0.010534185897435822
1944-09-30,210727.61601854613,11.328560584696476,-0.012230028623471112
1944-10-31,216804.1530942132,11.58310518627913,0.02883597883597888
1944-11-30,216188.391234147,11.478459198055484,-0.0028401755744900115
1944-12-31,221809.51425115546,11.638683593355132,0.02600104004160131
1945-01-31,229320.74775578105,11.960463439806993,0.03386344147582698
1945-02-28,237886.51374213025,12.341753548186318,0.03735277365950096
1945-03-31,238640.21921967287,12.32331031138933,0.003168340506934486
1945-04-30,245564.15474979623,12.631867236563078,0.02901411821009825
1945-05-31,255781.66422322093,13.036560628785354,0.04160830999066323
1945-06-30,261376.5285609871,13.130223361406054,0.021873594242015404
1945-07-31,256950.00561691515,12.867028443009158,-0.016935426330903725
1945-08-31,258770.59984734253,12.915378562256738,0.007085402571042065
1945-09-30,277353.9234371888,13.798264951719778,0.07181389076196898
1945-10-31,289873.3713701174,14.374662675391333,0.04513888888888884
1945-11-30,300326.380822555,14.847702661876777,0.036060606060606126
1945-12-31,306406.9325469553,15.020347474739957,0.020246478873239493
1946-01-31,319588.89442418696,15.623163177761667,0.043021095402962395
1946-02-28,321470.7991860434,15.761666525801905,0.005888517388087378
1946-03-31,312872.1520947362,15.13487341514253,-0.02674783250322821
1946-04-30,334051.55619166075,16.040842386215914,0.0676934778474998
1946-05-31,335782.0840818998,16.01372317083218,0.005180421579135341
1946-06-30,334644.85420711257,15.773186880128739,-0.0033868092691623497
1946-07-31,326124.63802215876,14.508136111909067,-0.02546047273053431
1946-08-31,320834.77443547215,13.984939309942758,-0.016220373961219003
1946-09-30,274567.49976052623,11.841267540149632,-0.14420903954802267
1946-10-31,269437.4286170135,11.387602961765047,-0.018684189308592947
1946-11-30,269412.0573536081,11.11004365674329,-9.416384180793713e-05
1946-12-31,278566.6876210696,11.372779425862703,0.033980031767642416
1947-01-31,281134.07488201384,11.469296334735576,0.00921641881471702
1947-02-28,293143.2177935201,11.949565314209433,0.04271678172255089
1947-03-31,282382.2642289478,11.28790309650128,-0.036708860759493755
1947-04-30,273089.56093824457,10.900825126392672,-0.03290823988566427
1947-05-31,269390.1747114738,10.733674273688536,-0.013546421232876527
1947-06-30,279972.9128626219,11.082715855052092,0.039284053928405394
1947-07-31,298728.9598665027,11.696446553354365,0.06699236298292921
1947-08-31,294087.9582706058,11.337472355329826,-0.01553582752060878
1947-09-30,287731.27051367867,10.827463017228832,-0.021614920224234502
1947-10-31,296466.8043051543,11.132662042754784,0.03036004316069074
1947-11-30,294329.3857835246,10.975407324839066,-0.007209638619201542
1947-12-31,291052.63427185465,10.680912531969186,-0.011132940406025083
1948-01-31,288540.5915182837,10.419342657320321,-0.008630888223552735
1948-02-29,275710.08025338623,9.999761169144179,-0.044466919532479166
1948-03-31,281005.9299036433,10.186680609489672,0.019208037825058977
1948-04-30,304013.69980542763,10.77948448202462,0.08187645687645695
1948-05-31,320217.8932203814,11.241032697984439,0.05330086580086579
1948-06-30,334906.93899297784,11.583895756523843,0.04587203302373588
1948-07-31,328363.8871476549,11.134621739180933,-0.019536925287356177
1948-08-31,320203.67292623967,10.723556662478133,-0.024851131749898614
1948-09-30,318044.2064996668,10.55301368939916,-0.006744040150564845
1948-10-31,328218.5267689297,10.825409809169493,0.03199027072758054
1948-11-30,311510.26431399497,10.24809620563557,-0.0509059089973235
1948-12-31,311051.8613743569,10.159652938900914,-0.0014715500327013853
1949-01-31,316148.4618223236,10.248285758038978,0.01638505047180172
1949-02-28,305657.0617380714,9.872517140570057,-0.03318504231770847
1949-03-31,310244.33201692085,9.90133249124092,0.01500789889415488
1949-04-30,311550.59902659734,9.783639867544057,0.004210446009389912
1949-05-31,311004.2695594325,9.692295086395811,-0.0017535818222521593
1949-06-30,295748.6474058068,9.067718943419532,-0.04905277401894437
1949-07-31,314284.3992623993,9.605038093363921,0.0626740038177045
1949-08-31,327403.2355180377,9.85134863807923,0.041741926377597105
1949-09-30,333541.60008192505,9.884048361738287,0.01874863745367339
1949-10-31,344080.656925099,10.169850844772142,0.03159742844846147
1949-11-30,350841.49537108996,10.21586101165064,0.019648993077407084
1949-12-31,362274.8774362559,10.529330904131143,0.03258845437616409
1950-01-31,371820.91536950663,10.745733299747904,0.02635026199113244
1950-02-28,381219.23234567116,10.911564066731675,0.02527646129541883
1950-03-31,386480.1020541021,10.910946522976248,0.013800116211504898
1950-04-30,399585.52722462063,11.178021600956091,0.03390970220941392
1950-05-31,415245.66630073497,11.461543104586223,0.03919095665171879
1950-06-30,424253.16448513273,11.55412614404428,0.021691973969631295
1950-07-31,395809.88381367206,10.539745658930986,-0.06704317858413389
1950-08-31,422164.32013539626,11.040611670261534,0.06658357307249707
1950-09-30,439592.24671722006,11.337391102277294,0.04128232953517785
1950-10-31,460436.53374188585,11.662444039105258,0.04741732180293545
1950-11-30,462258.13915781735,11.542173388716295,0.003956257339372327
1950-12-31,463248.8588206619,11.30666578889076,0.0021432173474533744
1951-01-31,500399.9904134082,11.89575983943706,0.08019691983122335
1951-02-28,521993.8071142855,12.141507370682687,0.04315311173974523
1951-03-31,516220.2392477184,11.841626487283092,-0.011060606060605993
1951-04-30,526190.8911664571,11.951097197083952,0.01931472491909414
1951-05-31,529524.9337933594,11.863875406269168,0.006336184610705509
1951-06-30,523488.3978404028,11.61566485702517,-0.011399908800729497
1951-07-31,535850.2342458167,11.7781900924578,0.02361434648105165
1951-08-31,562429.6153758819,12.256989084145136,0.049602257181942555
1951-09-30,580038.8140515501,12.44495315715003,0.03130915974952653
1951-10-31,580128.0143703069,12.309457904118684,0.00015378336172666707
1951-11-30,566979.6670617334,11.852030617771037,-0.022664561929223725
1951-12-31,587389.4371111814,12.147072568106775,0.03599735799207382
1952-01-31,609915.922389955,12.527059748172292,0.0383501708671512
1952-02-29,601798.5650782324,12.364119350461085,-0.013308977538928235
1952-03-31,606317.3332511006,12.362339087390364,0.007508771929824576
1952-04-30,607569.353503859,12.24272868326688,0.002064958700825903
1952-05-31,610384.544274096,12.200478761945831,0.004633529907329459
1952-06-30,630211.967488506,12.447881581789368,0.032483494872875385
1952-07-31,651430.1377091847,12.669112889622475,0.03366830735575599
1952-08-31,657166.0822364617,12.67837823632862,0.008805156831472427
1952-09-30,649880.1861036441,12.434678020425501,-0.01108684140852545
1952-10-31,639382.5099053754,12.131183558686867,-0.01615324858757039
1952-11-30,662802.2223928351,12.473469765515306,0.036628641110194815
1952-12-31,692658.7747599113,12.933964306161371,0.045045944866160426
1953-01-31,699508.2230894306,13.010773447995179,0.009888632872504077
1953-02-28,694097.5884379557,12.859346880687896,-0.0077349121466769866
1953-03-31,700740.6338029362,12.834819340092492,0.009570765661252922
1953-04-30,669404.8688444893,12.1639014540068,-0.0447180646402463
1953-05-31,676124.8114822315,12.14197079186778,0.010038682045055758
1953-06-30,655120.6657685791,11.624407885470081,-0.03106548577563084
1953-07-31,667657.7696715965,11.75020164531,0.01913709116214335
1953-08-31,673659.0848786077,11.715076201734005,0.008988609853163299
1953-09-30,645992.7523644596,11.139349357262919,-0.04106874402077354
1953-10-31,668733.4369216242,11.39193476542141,0.035202693023922205
1953-11-30,686867.6352528323,11.644070268505772,0.02711722987067189
1953-12-31,699506.9342552738,11.754449184027292,0.018401360544217482
1954-01-31,720674.954086431,12.002650554927827,0.030261343804538043
1954-02-28,739978.178006384,12.215052485432839,0.02678492406389088
1954-03-31,759103.286565542,12.420105295189973,0.025845503458877594
1954-04-30,792871.3596349298,12.907868184060918,0.04448416133483857
1954-05-31,827920.3820460184,13.312042238025857,0.04420518156593101
1954-06-30,838030.4435624755,13.357885903658998,0.01221139343311295
1954-07-31,875400.0373523043,13.83300956424533,0.04459216735727445
1954-08-31,896375.4754693398,14.04211234732058,0.023960974665339085
1954-09-30,920950.6898553766,14.356474143296978,0.02741620566221914
1954-10-31,945971.3876211816,14.619231935730562,0.02716833598304169
1954-11-30,986726.0328596726,15.117311697434388,0.04308232338926876
1954-12-31,1035659.0672842826,15.789062002327086,0.0495913078149921
1955-01-31,1058134.0586060483,15.990781062969834,0.02170114860356498
1955-02-28,1097351.7218414156,16.437728215987118,0.03706303838951319
1955-03-31,1092579.3305531677,16.219282945537792,-0.004349007882577083
1955-04-30,1134195.4527513355,16.685266628063506,0.038089794520547615
1955-05-31,1133311.0396172416,16.518057827257802,-0.0007797713629943415
1955-06-30,1202962.447260385,17.370091963405315,0.061458333333333615
1955-07-31,1294960.4217126372,18.45403190663288,0.07647618149823998
1955-08-31,1291126.526923071,18.222326463047757,-0.002960627000859084
1955-09-30,1353354.991395324,18.84396065426132,0.04819703040301704
1955-10-31,1289427.91726007,17.7723257893861,-0.04723599834611347
1955-11-30,1380557.8244878103,18.835559288273902,0.07067468139001032
1955-12-31,1397654.8327703064,18.94236903581358,0.012384130515387337
1956-01-31,1364359.0000228395,18.292585385418903,-0.023822643450150616
1956-02-29,1377389.6843190186,18.26611681512779,0.009550773876934926
1956-03-31,1476723.1552509454,19.37121009929997,0.07211718808612777
1956-04-30,1498679.992853743,19.370593634578505,0.014868621464167786
1956-05-31,1456200.9403258099,18.544506591754438,-0.028344311481095952
1956-06-30,1452446.2322716825,18.158163846958704,-0.0025784271594326835
1956-07-31,1535980.2803272768,18.85679759689679,0.057512661191556624
1956-08-31,1531641.9547210287,18.670937110186422,-0.002824466994669872
1956-09-30,1484367.1050840078,17.836640796312025,-0.03086547054375477
1956-10-31,1470124.1474287584,17.418952948636132,-0.009595306717904761
1956-11-30,1459561.683770256,17.120339736628257,-0.007184742647058928
1956-12-31,1485875.8968189985,17.19752272556093,0.018028846153846256
1957-01-31,1458190.8197020777,16.717780078533014,-0.018632159776055146
1957-02-28,1399915.9606040542,15.843733142229746,-0.03996380879007977
1957-03-31,1422593.0748343745,15.90041710886917,0.016198911126447335
1957-04-30,1460206.8708360326,16.123704360211757,0.026440305852070356
1957-05-31,1520954.2857918271,16.598110789114266,0.041601923788383566
1957-06-30,1550676.511306891,16.72991887247287,0.019541826991591682
1957-07-31,1586712.2115170723,16.8688823839798,0.023238696109358692
1957-08-31,1504149.315744977,15.868942729452247,-0.0520339448910877
1957-09-30,1447929.6569104132,15.157274488962212,-0.037376381617219456
1957-10-31,1362578.1872528363,14.149451489483539,-0.05894724874943136
1957-11-30,1338073.3661516597,13.736242235298487,-0.017984157775622345
1957-12-31,1342356.7484679238,13.67324605795139,0.0032011565468814673
1958-01-31,1373597.7746595952,13.788431552307637,0.02327326638565186
1958-02-28,1383220.168911647,13.784906390337682,0.007005248865110003
1958-03-31,1416660.8407121652,13.925589923892943,0.024175957343674392
1958-04-30,1429323.2912769942,13.913501765262783,0.008938237156653095
1958-05-31,1480138.7894013496,14.323824968409234,0.03555213745866803
1958-06-30,1520585.7551757991,14.63555555195627,0.027326468344774923
1958-07-31,1567279.347546095,14.957457101901138,0.030707635009310952
1958-08-31,1630821.5379995645,15.544566891165928,0.040542989705669275
1958-09-30,1678828.7757970707,15.931923184092842,0.029437456324248545
1958-10-31,1752027.9906937508,16.55980331035157,0.043601358251633915
1958-11-30,1810323.8421558375,16.98888357938633,0.03327335623159944
1958-12-31,1849490.0548043838,17.358357365369958,0.021634920634920674
1959-01-31,1928199.3298953248,17.980339342993393,0.04255728485075094
1959-02-28,1903826.230529767,17.75916926361142,-0.01264034220304433
1959-03-31,1957270.3208974774,18.200871845485636,0.02807193719189316
1959-04-30,1995190.8940823548,18.430753048783416,0.01937421355650537
1959-05-31,2030433.8214087912,18.692721439594184,0.017663937536485985
1959-06-30,2018143.5545751546,18.448591397066476,-0.006053025074764129
1959-07-31,2103481.682016527,19.090533975796514,0.042285459450052354
1959-08-31,2096801.437566972,18.958803640750205,-0.003175803481754391
1959-09-30,2019171.5414707423,18.123290556758615,-0.03702300785634127
1959-10-31,2022760.0098308958,18.02196244151542,0.0017771983640080258
1959-11-30,2036314.069240045,18.071789130570217,0.00670077485380105
1959-12-31,2106853.8672877196,18.62472897790011,0.03464092259304574
1960-01-31,2075659.7244792387,18.338284994375563,-0.014806030590360342
1960-02-29,2000853.3784261253,17.545275108945972,-0.03603979263599266
1960-03-31,1979390.8959696,17.28602072052215,-0.01072666427632385
1960-04-30,2010759.8226379715,17.429766947597198,0.015847767478492703
1960-05-31,1998211.8767521388,17.256170578727914,-0.006240400143549096
1960-06-30,2077912.3776312876,17.82336381726474,0.03988591090184723
1960-07-31,2032278.8670676947,17.37680647289811,-0.0219612294795668
1960-08-31,2062577.4372115673,17.582113039577674,0.01490866762177645
1960-09-30,2006459.7092039087,17.052015467817668,-0.02720757388072914
1960-10-31,1972872.2838582678,16.605104536251037,-0.016739646049990786
1960-11-30,2042728.7796714148,17.146088452419015,0.03540852410199169
1960-12-31,2097691.330665819,17.562090833957136,0.026906435911303594
1961-01-31,2211521.4612544305,18.470416986477186,0.05426448063380285
1961-02-28,2308245.683963433,19.234014498298365,0.04373650647465932
1961-03-31,2386647.5734487604,19.84422527272558,0.03396600718460152
1961-04-30,2456313.9600411644,20.382842975754794,0.029190060303597498
1961-05-31,2487345.927889171,20.598606843297354,0.012633551065877047
1961-06-30,2460477.604708213,20.332414551592304,-0.010802005012531257
1961-07-31,2459811.022254423,20.146643736827322,-0.0002709158793051669
1961-08-31,2554263.3112362833,20.94168847521519,0.0383981891809293
1961-09-30,2540447.6568017057,20.705243044147252,-0.00540886069725155
1961-10-31,2574630.0107922726,20.92419014101079,0.013455248290217048
1961-11-30,2697555.973072257,21.857957721959668,0.04774509803921578
1961-12-31,2728992.0385059677,22.041480198382256,0.01165353592196583
1962-01-31,2633849.6973910015,21.19793140001522,-0.03486354660347546
1962-02-28,2684164.1265078294,21.451687754873383,0.019102999372617058
1962-03-31,2693338.1423204453,21.443158568526233,0.003417829678154405
1962-04-30,2614042.1840406633,20.65833644764903,-0.029441516099966814
1962-05-31,2426242.5879382966,19.089367498116655,-0.07184260347783478
1962-06-30,2149363.075799389,16.82757124479247,-0.11411864317087372
1962-07-31,2207790.456778951,17.141325661322792,0.027183579004134373
1962-08-31,2274554.2223336906,17.57126263104553,0.030240082499561227
1962-09-30,2261079.989073112,17.32146114746548,-0.005923900660743109
1962-10-31,2196550.42301082,16.739820967901334,-0.028539267241379118
1962-11-30,2354775.2131569297,17.854386489497145,0.07203330662868668
1962-12-31,2463709.0598348673,18.585836118439865,0.04626082611592275
1963-01-31,2565893.825073376,19.259231693254055,0.0414759871221797
1963-02-28,2606855.4777617296,19.469191309671412,0.015963892304539318
1963-03-31,2604054.320859301,19.288064606604838,-0.0010745347896439217
1963-04-30,2733743.7536201244,20.150077238226988,0.04980289071620736
1963-05-31,2795843.1589303096,20.50758586495261,0.02271588375024214
1963-06-30,2801955.1627945243,20.384149993840996,0.0021861039825112893
1963-07-31,2767729.459657982,19.969231885949636,-0.012214936052869385
1963-08-31,2851634.4651863165,20.472637900527676,0.03031546498721127
1963-09-30,2934160.98623314,20.96036009070511,0.028940077016999854
1963-10-31,2948906.739476846,20.891344595411496,0.005025543353923689
1963-11-30,2939944.7697538435,20.720399335339703,-0.003039082112373803
1963-12-31,3010386.8504392146,21.038599376737046,0.02396034150371773
1964-01-31,3110694.7572701615,21.62721619698093,0.03332060356837929
1964-02-29,3156786.647792118,21.832670826710316,0.014817233485938441
1964-03-31,3222221.6124408655,22.16724558598262,0.020728345608821197
1964-04-30,3276834.009278278,22.42219216973716,0.01694867808798639
1964-05-31,3316880.0922217276,22.574330769563822,0.012220967809190242
1964-06-30,3305306.076373002,22.30028803608278,-0.0034894284770400352
1964-07-31,3436299.0140956608,22.984351845738395,0.03963110667996017
1964-08-31,3394250.25382945,22.650407292938787,-0.012236641832892747
1964-09-30,3461031.4376852806,22.892221984231682,0.01967479674796735
1964-10-31,3529289.400938995,23.212154680675336,0.01972185589257891
1964-11-30,3562426.3157621897,23.225019793095818,0.009389118051463363
1964-12-31,3509404.0920003573,22.752984772787265,-0.014883739076154923
1965-01-31,3608454.995268644,23.269335081922467,0.028224422343973377
1965-02-28,3643697.8028408247,23.37206827275133,0.009766730531041823
1965-03-31,3655983.4697841206,23.25352820003484,0.0033717579250720497
1965-04-30,3713000.755844998,23.420551954771298,0.01559560827670925
1965-05-31,3777402.48734392,23.708808308861936,0.017344928195218046
1965-06-30,3607212.0582966423,22.385342986457786,-0.04505488351254494
1965-07-31,3610982.5436429726,22.300781712174437,0.0010452630134838437
1965-08-31,3687543.262359416,22.66597184596439,0.021202184666117008
1965-09-30,3820210.6857768637,23.374146831648627,0.03597718426022278
1965-10-31,3915666.088158848,23.775745523312686,0.02498694711717797
1965-11-30,3957869.0764161684,23.92546115667372,0.010777984462195134
1965-12-31,3949565.353991421,23.69411154910632,-0.0020980285765961337
1966-01-31,4027856.2766485773,24.058483388421738,0.019822667974853436
1966-02-28,4010591.5690761446,23.700027145579387,-0.004286326618088254
1966-03-31,3855761.1289206715,22.611112582289987,-0.03860538713273631
1966-04-30,3983869.566068501,23.11369646261582,0.0332252006450644
1966-05-31,3784434.453318233,21.85217797676309,-0.050060653202329
1966-06-30,3763320.1756680654,21.555253383226248,-0.005579242529000439
1966-07-31,3764085.43366335,21.38170200743341,0.0002033465024402492
1966-08-31,3546991.309309961,19.913903864009804,-0.05767513202858021
1966-09-30,3432679.82043067,19.161676250615002,-0.032227733002686554
1966-10-31,3413280.944292136,18.82540937131568,-0.005651233774579101
1966-11-30,3594708.4651807104,19.711251211928964,0.05315340982756389
1966-12-31,3620414.543948671,19.736473752791966,0.007151088611762502
1967-01-31,3769985.340305091,20.432242125384274,0.041313168572482795
1967-02-28,3910643.6644781074,21.07444316367843,0.03731004539175031
1967-03-31,4013677.068412865,21.443898602019097,0.026346916971917045
1967-04-30,4093648.3795687095,21.686025566746242,0.019924699917990063
1967-05-31,4177882.6057900465,21.94847738965839,0.020576810319554495
1967-06-30,4136445.2058586227,21.552097609793478,-0.009918277711775891
1967-07-31,4218885.581272958,21.80419624566636,0.01993024718363756
1967-08-31,4297029.879246202,22.03062704912601,0.018522497580905295
1967-09-30,4368124.069579094,22.21914548866479,0.016544960666031727
1967-10-31,4372379.278636889,22.068199194183883,0.0009741502278814984
1967-11-30,4246378.941908451,21.26310296833628,-0.028817339187399815
1967-12-31,4378514.987118566,21.75159780872363,0.031117346571695625
1968-01-31,4377787.531847885,21.51153589633218,-0.000166142007694825
1968-02-29,4191464.3987847036,20.424992376214224,-0.042561026936027035
1968-03-31,4126148.374131465,19.934711308295697,-0.015583103764922113
1968-04-30,4442334.08042373,21.277356015671735,0.07662974707224901
1968-05-31,4556006.933556342,21.630227142779873,0.025588542211073095
1968-06-30,4690036.802731755,22.004623431346527,0.029418275944280037
1968-07-31,4692383.1044765245,21.753537415670937,0.0005002736318406864
1968-08-31,4601688.142158593,21.137766793617843,-0.019328123961449117
1968-09-30,4763152.941153405,21.680275633292915,0.035088166343899774
1968-10-31,4892628.454870913,22.004606927956868,0.027182732806844356
1968-11-30,4980051.076059634,22.19552922715814,0.017868232177263854
1968-12-31,5044112.928532349,22.27787299543487,0.0128636938646427
1969-01-31,4843137.78743621,21.194968072847146,-0.03984350547730808
1969-02-28,4831623.464755294,20.895729901987227,-0.002377450980392437
1969-03-31,4739195.856603571,20.202287616481645,-0.019129720853858778
1969-04-30,4847016.937228382,20.428608081932147,0.02275092312856697
1969-05-31,5017356.328112221,20.972258271972088,0.03514313919052303
1969-06-30,4767967.496602565,19.71334158375762,-0.04970522625876339
1969-07-31,4567485.340466608,18.68170820719276,-0.04204771871427626
1969-08-31,4554558.077356308,18.42951559020774,-0.0028302801534508815
1969-09-30,4583211.460886077,18.398046344676967,0.0062911446166915574
1969-10-31,4644934.119072067,18.448662031815353,0.01346711988149396
1969-11-30,4691279.194005386,18.437760084691035,0.009977552694025782
1969-12-31,4455439.325990911,17.326929913742678,-0.050271974500225136
1970-01-31,4429208.9518585205,17.090541395140203,-0.005887269966706632
1970-02-28,4287661.084080245,16.372586787159843,-0.031957821208430714
1970-03-31,4373953.788895041,16.531690813943605,0.020125822242619273
1970-04-30,4253784.4864102835,15.873067819354048,-0.027473839067493788
1970-05-31,3777416.178011284,13.983836060789184,-0.11198694008144283
1970-06-30,3767235.1325669996,13.799691797725174,-0.002695240599526638
1970-07-31,3786934.8717535757,13.726499744359762,0.005229230056885914
1970-08-31,3910243.104235158,14.100456516815441,0.032561487497798636
1970-09-30,4157435.170768503,14.842661145242213,0.06321654688569445
1970-10-31,4260864.795797327,15.064185404089631,0.024878229191894974
1970-11-30,4269604.4841694655,14.950761908791728,0.0020511536486111925
1970-12-31,4575167.263559777,15.873840687205737,0.07156699889258022
1971-01-31,4763195.375881348,16.461793943491934,0.04109753840458996
1971-02-28,4960876.390518418,17.034534781502128,0.04150176489464119
1971-03-31,5101317.910549999,17.40290260718887,0.028309820478495284
1971-04-30,5288719.0836286545,17.924110447959606,0.03673583500669353
1971-05-31,5230112.416952955,17.56415327969938,-0.011081448220064849
1971-06-30,5146633.096387088,17.083166880070703,-0.015961286089238746
1971-07-31,5122791.7693027565,16.889414708693355,-0.00463241242144663
1971-08-31,5045058.708104156,16.519449443051563,-0.0151739646464647
1971-09-30,5170484.761444776,16.856792547835994,0.02486116824352136
1971-10-31,5074094.450093102,16.428862709159464,-0.01864241281019474
1971-11-30,4852250.240798492,15.63871265432664,-0.043720945969095926
1971-12-31,5199817.026657226,16.60355721292533,0.07163002083782422
1972-01-31,5429781.036365277,17.26299679703517,0.04422540418809451
1972-02-29,5543098.586712785,17.464147605486165,0.02086963536624742
1972-03-31,5688306.341990504,17.80564384961494,0.02619613434727519
1972-04-30,5759916.326657933,17.91516167849829,0.012588981739399596
1972-05-31,5715225.799399168,17.662646200372556,-0.007758884803921395
1972-06-30,5744721.741895293,17.640857315740252,0.005160940885174714
1972-07-31,5715791.261145928,17.39869003113817,-0.005036010802469293
1972-08-31,5932073.66553623,17.9434046880298,0.037839451181592265
1972-09-30,5860283.1043587215,17.613854552912112,-0.01210210210210183
1972-10-31,5884849.734322699,17.53318385415855,0.004192055149299101
1972-11-30,6194156.353532029,18.338894714968056,0.05255981599756665
1972-12-31,6337439.944246877,18.645719442073673,0.023132059079061573
1973-01-31,6400170.127187781,18.712530467302436,0.009898347517730777
1973-02-28,6187386.678256313,17.889889599193754,-0.03324653012387413
1973-03-31,6104174.815675853,17.412142058290335,-0.013448628137769925
1973-04-30,6004550.546254765,16.935740066050823,-0.016320677639383274
1973-05-31,5850323.647328093,16.314338759668573,-0.025685003022061115
1973-06-30,5733990.252661851,15.808323047681979,-0.01988495024875625
1973-07-31,5803461.401884995,15.889518573988786,0.012115672709923864
1973-08-31,5708626.415619522,15.278501094706128,-0.016341107435412616
1973-09-30,5822606.456528688,15.475308601805562,0.01996628131021172
1973-10-31,6069381.080503323,15.913516308933389,0.04238215751262664
1973-11-30,5653623.547650233,14.651845159710573,-0.0685008120825743
1973-12-31,5269047.815152391,13.493329686205893,-0.06802287581699351
1974-01-31,5358736.889589112,13.530721892513952,0.017021875219807026
1974-02-28,5226315.704355795,12.95732128020539,-0.024711268338362236
1974-03-31,5465493.983246056,13.310364239140162,0.04576422329231322
1974-04-30,5202334.336919467,12.550411048540903,-0.04814928845101285
1974-05-31,5061669.878317925,11.995436947329658,-0.027038719446246806
1974-06-30,5084907.5360247865,11.888498820078999,0.004590907401212041
1974-07-31,4508072.468897498,10.39414180532705,-0.1134406207075771
1974-08-31,4338496.338957463,9.824195723141194,-0.037616105577270464
1974-09-30,3904199.7119275797,8.680421305646332,-0.10010302950589667
1974-10-31,3997015.822452869,8.74498383380958,0.023773402329222648
1974-11-30,4146657.699850431,8.948984512755603,0.03743840005760379
1974-12-31,3894066.4794943347,8.289060055923082,-0.06091441315862833
1975-01-31,4230345.227526531,8.92099550840425,0.08635670443814902
1975-02-28,4687654.476444052,9.76224671616647,0.10810211089672883
1975-03-31,4920915.518483503,10.16379676744404,0.04976071577195196
1975-04-30,4994156.231069231,10.23307613660592,0.01488355414975695
1975-05-31,5329461.229684804,10.81813911933581,0.06713946923197978
1975-06-30,5483794.776763451,11.011354609247668,0.028958564557899136
1975-07-31,5507484.691067831,10.902767048238578,0.004319985569985363
1975-08-31,5122167.191643192,10.089769593328018,-0.0699625184704653
1975-09-30,5078491.418424674,9.918905356559423,-0.008526815229650264
1975-10-31,5330906.4971916955,10.327599777501115,0.04970276760757408
1975-11-30,5439697.436490262,10.435859457947897,0.020407587219148704
1975-12-31,5375478.366794826,10.250368416256839,-0.011805632656082143
1976-01-31,5888599.845946757,11.18505136262215,0.09545596580232973
1976-02-29,6134650.5767955305,11.58609299444969,0.041784250464588
1976-03-31,6183892.429089391,11.63175440356651,0.008026838966202599
1976-04-30,6251752.7988495035,11.68916413220637,0.010973730629739498
1976-05-31,6227910.80802561,11.532053585609427,-0.003813649002289643
1976-06-30,6284117.9082034435,11.543841631417108,0.00902503293807655
1976-07-31,6451766.404133659,11.757490488689914,0.026678127046496414
1976-08-31,6415751.265377377,11.597986002509252,-0.005582213691618931
1976-09-30,6572315.0567436805,11.805990949539792,0.02440303323652837
1976-10-31,6368379.4949442865,11.345696136316699,-0.031029486571880205
1976-11-30,6345377.343599886,11.248855860507966,-0.0036119316323189876
1976-12-31,6585993.801663764,11.597589726582944,0.03791996047430812
1977-01-31,6550855.239238974,11.437961346787558,-0.0053353470232408995
1977-02-28,6395936.821608889,11.014841854222784,-0.023648578998073266
1977-03-31,6392717.744495702,10.895746511662745,-0.0005033003300330963
1977-04-30,6316709.80266038,10.636037409141364,-0.011889769715042964
1977-05-31,6321085.317284158,10.548486693557003,0.0006926888776710438
1977-06-30,6378262.678733874,10.530023959090764,0.009045497502362831
1977-07-31,6460309.8194750305,10.567692447775414,0.012863556249370856
1977-08-31,6326275.207728353,10.268385666711001,-0.020747396872921042
1977-09-30,6252172.03521839,10.067742820070707,-0.011713554987212271
1977-10-31,6115064.917146577,9.766666299556553,-0.021929517821885125
1977-11-30,6175370.401373632,9.766299983660206,0.009861789702012791
1977-12-31,6170730.795199499,9.678266582535928,-0.0007513081600903915
1978-01-31,5961758.457489516,9.241462260934696,-0.03386508740140681
1978-02-28,5904049.241155118,9.045263570704748,-0.00967989843028616
1978-03-31,5919973.851380755,8.950420077633902,0.0026972353337828547
1978-04-30,6206111.863943815,9.262588720866852,0.04833433723635827
1978-05-31,6547920.676600077,9.634910728598456,0.05507616042857655
1978-06-30,6592229.998497134,9.549678981041746,0.006766930157752649
1978-07-31,6588329.910756624,9.425524047787365,-0.0005916188818350099
1978-08-31,7071339.262291671,10.023970854003757,0.07331286655005664
1978-09-30,7099810.647515204,9.941887473004412,0.004026307346807423
1978-10-31,6902992.313903092,9.533608358208838,-0.02772163137632322
1978-11-30,6527726.907510567,8.928418902293153,-0.05436271537442028
1978-12-31,6653339.644169188,9.011941819133831,0.019242952169781447
1979-01-31,6932052.398505216,9.257636919139975,0.041890654805257777
1979-02-28,6859034.86101679,9.003740371045636,-0.010533321632734793
1979-03-31,7019868.044666136,9.070785029660767,0.023448369473005215
1979-04-30,7190786.929236478,9.13306356621742,0.024347877122877115
1979-05-31,7054937.458055162,8.79438328981496,-0.018892156382631198
1979-06-30,7225775.460273183,8.853937764693956,0.024215381530131364
1979-07-31,7328778.1079104105,8.827498045542368,0.014254891838741512
1979-08-31,7696604.569128648,9.127165797215037,0.050189329763063784
1979-09-30,7815505.404767499,9.11275899074096,0.015448479205462329
1979-10-31,7553769.154386091,8.681843306899315,-0.03348935696746469
1979-11-30,7529694.256007894,8.51878430298356,-0.00318713716108443
1979-12-31,7861584.106491689,8.745204404669296,0.0440774670523949
1980-01-31,8122299.905941668,8.850934180729114,0.03316326530612246
1980-02-29,8479649.364532653,9.054476092192521,0.043996092575893986
1980-03-31,7735626.935467704,8.0811509007855,-0.08774212200057818
1980-04-30,7646022.405422535,7.84402450471922,-0.011583357211079393
1980-05-31,8031375.3155264035,8.1042258071765,0.050399134304207394
1980-06-30,8582833.25850057,8.512077962306744,0.06866295264623967
1980-07-31,9009624.06642016,8.880865527295846,0.049726098022105925
1980-08-31,9325654.49186634,9.071005981618386,0.035076982470784834
1980-09-30,9590384.778285244,9.196040131743242,0.0283873144399458
1980-10-31,9909432.493241373,9.357841046757112,0.033267457180500504
1980-11-30,10366912.886058513,9.654043663233393,0.046166154633896506
1980-12-31,10238058.601599028,9.389902084921744,-0.01242937853107351
1981-01-31,10239336.761224696,9.259404530877957,0.0001248439450687311
1981-02-28,9925227.78388788,8.829899353831308,-0.03067669172932319
1981-03-31,10336717.627368381,9.081096883854626,0.04145898234683276
1981-04-30,10470690.580302173,9.085561230788745,0.012960879629629662
1981-05-31,10301589.252042476,8.81848346654807,-0.016149968998015907
1981-06-30,10390173.533196146,8.765340744304932,0.008599088838268987
1981-07-31,10180965.137770085,8.445319467875516,-0.020135216679264212
1981-08-31,10262958.774682982,8.399806316566442,0.008053621223857332
1981-09-30,9411143.754983857,7.58116305192316,-0.0829989711934156
1981-10-31,9573940.565010415,7.649141713319217,0.017298302338687233
1981-11-30,9865589.65972653,7.810752565716112,0.03046280606566487
1981-12-31,9982186.64085552,7.832562137141898,0.011818551668022703
1982-01-31,9502832.040048683,7.3886599733759954,-0.04802100161550904
1982-02-28,9321160.251047755,7.181823450546735,-0.01911764705882324
1982-03-31,9065540.65988365,6.9506737935360325,-0.027423580786026247
1982-04-30,9561568.098967986,7.259072625426148,0.05471570397111902
1982-05-31,9616240.865827952,7.192612484464624,0.005717970765262592
1982-06-30,9109612.024679413,6.692133988197589,-0.05268470790377999
1982-07-31,9131917.771965578,6.638653100208761,0.0024485946520813595
1982-08-31,9204515.892207153,6.643422752166093,0.007949931444241276
1982-09-30,10318021.783907238,7.3988382003233095,0.12097386812519018
1982-10-31,11234453.403539589,7.999840994534591,0.0888185389433549
1982-11-30,11740041.41008787,8.347476938155435,0.045003347148957706
1982-12-31,11899224.81009069,8.467738401400483,0.01355901520637226
1983-01-31,12366453.83325268,8.756783224134749,0.03926550095648018
1983-02-28,12629956.35471015,8.910493436624122,0.021307848232848148
1983-03-31,13118277.385204764,9.232829705190529,0.03866371480472308
1983-04-30,13668974.436727624,9.531581284160417,0.041979372394119085
1983-05-31,14273763.714674784,9.874456504668403,0.044245402663284805
1983-06-30,14524127.211884245,10.000117903130027,0.01754011781434106
1983-07-31,14627122.825526215,10.014475995571031,0.007091346153846212
1983-08-31,14275166.806241345,9.72805693566521,-0.02406187624750522
1983-09-30,14748368.661579598,9.98420245802878,0.03314860426929389
1983-10-31,14844147.79019821,10.003391799449627,0.006494218500797455
1983-11-30,14674934.537213147,9.853581649364282,-0.011399324190021765
1983-12-31,14656353.98551399,9.815010903608671,-0.0012661420500403864
1984-01-31,14887551.134758309,9.894931809202536,0.01577453365774506
1984-02-29,14126696.470644686,9.324529645727983,-0.05110677083333315
1984-03-31,14189411.938129326,9.326747066508243,0.004439499894045573
1984-04-30,14261706.195640212,9.305643404594823,0.005094943879712099
1984-05-31,14226011.736150462,9.231831816896044,-0.00250281831641308
1984-06-30,13963399.80174909,9.010185512291008,-0.018459982971477218
1984-07-31,13836726.94273874,8.8683022140433,-0.00907177770520351
1984-08-31,15110791.499356287,9.62306325737317,0.09207846348996229
1984-09-30,15323574.23853518,9.687341313628082,0.014081508515815244
1984-10-31,15260763.88256045,9.595070703048505,-0.004098936383704621
1984-11-30,15457388.206856387,9.691973221783089,0.012884304207119834
1984-12-31,15348405.719348632,9.595054801133458,-0.007050511124474079
1985-01-31,16069744.477593321,9.99700117773045,0.046997634245187436
1985-02-28,17000096.762155082,10.494935172607077,0.057894653263403706
1985-03-31,16919121.54540518,10.373217214924729,-0.004763220932375356
1985-04-30,17092703.417508136,10.397118719816815,0.0102595085470083
1985-05-31,17560507.569591377,10.60812046786009,0.027368646179402267
1985-06-30,18001657.151315298,10.810049845861212,0.025121687398594217
1985-07-31,18406458.814682536,10.99756395679338,0.022486911064055093
1985-08-31,18067068.176403236,10.73879980887728,-0.01843867099567098
1985-09-30,17726771.477169868,10.471234661697544,-0.01883519206939277
1985-10-31,17992047.172007468,10.552516982943747,0.014964693101575
1985-11-30,19147390.408777803,11.164611128667463,0.06421410669530991
1985-12-31,20161313.402997892,11.690521474467593,0.05295358649789028
1986-01-31,20313195.94567846,11.715007584487985,0.007533365492844668
1986-02-28,21470813.956703797,12.388219099418123,0.0569884726224783
1986-03-31,22798631.46218485,13.189022981532712,0.06184290489213007
1986-04-30,23423857.26783891,13.552504172869478,0.027423830535227456
1986-05-31,23539281.523162156,13.560046199232334,0.004927636554621806
1986-06-30,24277043.071948893,13.888688626457114,0.031341719077568
1986-07-31,23839463.55610293,13.619995534083808,-0.01802441568147839
1986-08-31,24383565.319197007,13.887667550866057,0.022823574104912536
1986-09-30,23785006.84671862,13.46731431297713,-0.02454761904761915
1986-10-31,23763769.270997565,13.42591886085736,-0.0008928976080569972
1986-11-30,24603470.249715023,13.872985596138601,0.035335344706543204
1986-12-31,25024068.12954491,14.085139814743307,0.017095063239493946
1987-01-31,26694184.77093415,14.922208103718944,0.06674041297935096
1987-02-28,28419298.56432231,15.822318142836453,0.0646250787649656
1987-03-31,29663211.970688786,16.43334397606992,0.04377002491990023
1987-04-30,29409680.24444358,16.196534453220874,-0.008547008547008628
1987-05-31,29461017.570829492,16.160311952655736,0.0017455928102316776
1987-06-30,30786814.31450466,16.825207307878713,0.04500172950536152
1987-07-31,31748405.746991374,17.306004390512218,0.03123387248396381
1987-08-31,33797849.54648507,18.32690724585634,0.06455265237020313
1987-09-30,32774029.847867347,17.67562044993822,-0.030292450920866187
1987-10-31,28889462.336691793,15.530055563627311,-0.11852578182198514
1987-11-30,25335501.713045236,13.590885143189087,-0.12301927194860807
1987-12-31,24997781.19871386,13.389028514426967,-0.013329931972789089
1988-01-31,26059725.927435365,13.898336683569138,0.04248155947441212
1988-02-29,26927545.40322499,14.298270962469523,0.03330117431803048
1988-03-31,27798265.30253178,14.66894681110346,0.03233565801368976
1988-04-30,27552779.609803192,14.433316420838944,-0.00883097164722102
1988-05-31,26950667.34949374,14.031891348027772,-0.02185304963188628
1988-06-30,28568040.634430327,14.76646864787962,0.06001236496160356
1988-07-31,28481033.7838424,14.608315717522101,-0.0030456009112177496
1988-08-31,27992267.51032015,14.244946310675651,-0.01716111420785338
1988-09-30,28532403.98301012,14.369428776140158,0.0192959170774869
1988-10-31,29617895.16065977,14.811450153277727,0.03804415422885565
1988-11-30,29020341.135488566,14.44553068087289,-0.02017543859649118
1988-12-31,29696322.32891208,14.702086748571997,0.02329335793357945
1989-01-31,30740019.446310446,15.088072442713283,0.035145669077757624
1989-02-28,31755142.617039528,15.467060462734754,0.03302285388927828
1989-03-31,31704827.63766615,15.298969108882359,-0.0015844671201815652
1989-04-30,32835733.35136391,15.686742656144586,0.03566982689898657
1989-05-31,34187987.88970339,16.18635353854456,0.04118240710111376
1989-06-30,35349460.973022215,16.641904235808592,0.033973133694382485
1989-07-31,36339792.812252335,17.013407650499133,0.028015472144990117
1989-08-31,38045528.56221074,17.734251436577324,0.04693851059556109
1989-09-30,38220516.77181717,17.714220678979082,0.004599442200422965
1989-10-31,38330536.94495193,17.640853852797953,0.0028785632018426544
1989-11-30,37636557.27746175,17.24236926694743,-0.018105138169257295
1989-12-31,38667819.59792445,17.650212904947328,0.02740054869684516
1990-01-31,37813526.26094793,17.048843606878275,-0.022093134442532025
1990-02-28,36858743.157502465,16.508093516490288,-0.025249776941102642
1990-03-31,37857407.44479809,16.833748233480954,0.02709436626822015
1990-04-30,37932690.32478129,16.81391389873577,0.0019885904784413544
1990-05-31,39394539.6894615,17.392413588645006,0.038537982731090104
1990-06-30,40644329.820842125,17.817082821653006,0.031724958363073874
1990-07-31,40713939.678145796,17.74717158707024,0.0017126585088376167
1990-08-31,37513857.90720453,16.16833475650897,-0.07859916766195407
1990-09-30,35885799.951922104,15.301285443522623,-0.04339884101788849
1990-10-31,35055684.59705842,14.8181479655008,-0.023132140177335447
1990-11-30,36102504.99670282,15.187607599503187,0.029861644742554372
1990-12-31,37759116.3419399,15.846314974728765,0.04588632687367178
1991-01-31,37500561.630284704,15.606190118802362,-0.006847477820025372
1991-02-28,41853230.77704368,17.354664745205106,0.1160694388972523
1991-03-31,43127470.98512207,17.818620083397377,0.030445444340160943
1991-04-30,44101839.66069967,18.155345895198018,0.022592761720568788
1991-05-31,44023047.65716203,18.035430911004056,-0.0017865922180079208
1991-06-30,44175909.50549142,18.015227044688327,0.003472314082383132
1991-07-31,44521117.61097071,18.103452345519745,0.007814397243737226
1991-08-31,45714232.16044983,18.51225845533771,0.026798845435657137
1991-09-30,45576095.50617284,18.357282591774325,-0.003021742852251208
1991-10-31,45658620.7653675,18.34918799200198,0.0018107136707987692
1991-11-30,45665571.01421618,18.288868169301335,0.00015222204990372745
1991-12-31,46092344.679201856,18.441652313512723,0.009345632946379245
1992-01-31,49484226.82992739,19.773068211462636,0.0735888394121127
1992-02-29,49187299.268756345,19.582982970386738,-0.006000448631673261
1992-03-31,48689735.288692996,19.28356186129855,-0.010115700342576028
1992-04-30,48818423.954723425,19.301229507881033,0.0026430348258703606
1992-05-31,49828160.05805537,19.66227979564168,0.020683504741333403
1992-06-30,49165882.73642199,19.31536596764459,-0.013291225701726805
1992-07-31,50106233.78266912,19.6207406948244,0.019126088944407815
1992-08-31,50578329.55443339,19.722137498351522,0.009421896960205345
1992-09-30,50769946.22499511,19.7087664247453,0.0037885132278931977
1992-10-31,50169682.72211951,19.370271076906967,-0.01182320541005566
1992-11-30,51552777.76539494,19.833656038801227,0.027568343434343223
1992-12-31,53239240.25342783,20.44860672124296,0.032713319458897105
1993-01-31,53315552.80488297,20.323410802995703,0.001433389189851031
1993-02-28,54235185.759655476,20.545336792900443,0.01724886841440143
1993-03-31,55401665.86994916,20.8552001486909,0.021507810731265398
1993-04-30,54658453.10484014,20.457362016642183,-0.013414989485219686
1993-05-31,55054713.93702549,20.51760563376486,0.007249763022478595
1993-06-30,55531174.72168731,20.608357012960187,0.008654314055773993
1993-07-31,55565050.812145285,20.564596413297135,0.0006100373461890296
1993-08-31,56544365.83648239,20.81222754662738,0.01762465812634595
1993-09-30,57310526.03535456,20.99350100522912,0.013549717775379833
1993-10-31,58022477.41378784,21.109178247475107,0.012422698371222118
1993-11-30,58027063.51173678,21.03790118960637,7.904002299374824e-05
1993-12-31,58542076.83944038,21.164732079814637,0.008875398762845155
1994-01-31,59558750.454270884,21.411974913826533,0.017366545051328952
1994-02-28,59514119.27226789,21.263840187313022,-0.0007493639752778058
1994-03-31,58667201.81305352,20.833375889460406,-0.01423052999137664
1994-04-30,56704432.20771176,20.055250085063843,-0.033455994911709586
1994-05-31,57304960.795176096,20.19649242128145,0.010590505258293748
1994-06-30,57940411.68001945,20.290763690670314,0.011088933244621346
1994-07-31,57640091.73512654,20.067951816142145,-0.005183255282193211
1994-08-31,59416923.53950024,20.53554940475564,0.03082631812140013
1994-09-30,59902849.467981845,20.57645010081887,0.008178241139640496
1994-10-31,59637874.24545957,20.395759282410257,-0.004423415995659874
1994-11-30,59418177.02263539,20.20947302039405,-0.003683854020683941
1994-12-31,58809508.35820427,19.91148410809033,-0.010243812498644145
1995-01-31,60251139.53953578,20.2191194224573,0.024513573086696328
1995-02-28,62552187.000151925,20.80257176433268,0.038190936772344974
1995-03-31,64152270.17836485,21.152737302036993,0.025579971779548405
1995-04-30,66215915.08925151,21.64273926187965,0.03216791713136624
1995-05-31,68433353.86061312,22.195426698019954,0.03348800312391309
1995-06-30,70609034.83836985,22.718356759520614,0.03179269837027432
1995-07-31,73114748.98837706,23.376412691512122,0.03548716047093703
1995-08-31,73490683.61853154,23.28407025623053,0.005141707184336264
1995-09-30,76223587.33497722,23.946007075299857,0.03718707708083624
1995-10-31,76919947.23274957,23.92676276408327,0.009135753408089808
1995-11-30,78734785.75994784,24.347586881114815,0.023593860792790355
1995-12-31,81403987.49986334,25.027380664939106,0.033901174863846695
1996-01-31,81537474.17103614,24.762465194644022,0.0016398050669572672
1996-02-29,86352911.0436655,25.976065550593383,0.059057959810336014
1996-03-31,86180747.6360208,25.629930395216107,-0.001993718631646879
1996-04-30,86351189.25326237,25.42420384838152,0.001977722657517722
1996-05-31,88385238.52535266,25.814043827699017,0.023555544395857275
1996-06-30,89515957.73585282,25.966673558333834,0.012793077547398779
1996-07-31,86405328.41916792,24.858411332348386,-0.034749439042632724
1996-08-31,89064395.93311554,25.41252912145494,0.030774346473726677
1996-09-30,90868272.06349869,25.68011551287676,0.02025361662743208
1996-10-31,94612486.14446984,26.483467720897195,0.04120485617196179
1996-11-30,99393285.57906443,27.58561204901279,0.050530322470276
1996-12-31,100585143.93169989,27.723946163893967,0.011991336695348132
1997-01-31,103862346.41023868,28.332870129950365,0.03258137683596796
1997-02-28,108392556.5415851,29.265634883575945,0.043617444511149905
1997-03-31,107717131.0367637,28.80245859187166,-0.006231290472074713
1997-04-30,104049474.63568552,27.585160338136543,-0.03404896106847122
1997-05-31,113640958.27703352,29.928362224688776,0.09218195166223775
1997-06-30,119706156.28468117,31.256560616381268,0.053371584502674985
1997-07-31,126573056.56538443,32.766637689669935,0.057364637658005035
1997-08-31,127013909.14389768,32.58628348671317,0.0034829891169256832
1997-09-30,128528572.33827955,32.66658134170862,0.011925175790518106
1997-10-31,130643998.43540628,32.90149817979811,0.01645880023905555
1997-11-30,129139570.85669933,32.33660053281267,-0.01151547408778042
1997-12-31,132542553.23604245,33.03078904290541,0.02635119783013118
1998-01-31,132857369.97624846,32.85996841505222,0.002375212582824915
1998-02-28,141363683.8984946,34.70967778226998,0.06402590931738938
1998-03-31,148874616.34180903,36.296927736425076,0.053131980125161515
1998-04-30,153946069.6946674,37.27693404302875,0.03406526564081647
1998-05-31,153605682.1357234,36.95659851896899,-0.0022110831385244722
1998-06-30,153785721.6352284,36.80229346009201,0.0011720887990713802
1998-07-31,160657125.71945074,38.25964508524854,0.04468167792924849
1998-08-31,149458476.86265522,35.423401024878316,-0.06970527330578091
1998-09-30,142137985.03329614,33.532356980834884,-0.048980104595112706
1998-10-31,143973092.62248567,33.77310287904814,0.012910747178241255
1998-11-30,159773445.9136224,37.36939188392094,0.10974518226518293
1998-12-31,166330910.11375943,38.820274780098146,0.04104226558199264
1999-01-31,174727744.57134697,40.576957677208114,0.05048270614189909
1999-02-28,174612155.20648295,40.40015922925994,-0.0006615398438730713
1999-03-31,179717931.46424875,41.356103632713,0.029240669137426956
1999-04-30,187355983.2812677,42.704509516892145,0.04250022106746987
1999-05-31,187170816.08420965,42.55667670951802,-0.0009883175002747269
1999-06-30,186025766.51819122,42.18067591174692,-0.0061176714937400956
1999-07-31,194439314.52740195,43.8280359928054,0.045227863680851854
1999-08-31,187101167.96691662,41.93071215994045,-0.03774003512777857
1999-09-30,185983015.71527058,41.32345133471501,-0.005976190655548219
1999-10-31,183616631.40430406,40.55285439953986,-0.012723658135479043
1999-11-30,196664532.88190037,43.208290714613916,0.07106056449138443
1999-12-31,202188506.41662833,44.19793976104056,0.0280883057752217
2000-01-31,201948313.49297273,43.77257814693799,-0.001187965270195268
2000-02-29,196944153.6216963,42.18563588791731,-0.02477940907117593
2000-03-31,204705907.05343547,43.220748439965874,0.03941093598872958
2000-04-30,207622044.6897109,43.528574288507734,0.014245498228413034
2000-05-31,201727845.75126058,41.96605050332431,-0.028389080491231677
2000-06-30,208109229.09958786,42.78197156707144,0.03163362660500435
2000-07-31,209877486.29010692,42.75809361826958,0.008496774497554371
2000-08-31,211848343.06526387,42.86956549441949,0.009390510673606522
2000-09-30,209559734.63061073,41.89800792488473,-0.010803050906789902
2000-10-31,198632491.36577925,39.36969904420137,-0.05214381132946577
2000-11-30,197097610.57167733,38.782142456784776,-0.007727239302836253
2000-12-31,190553506.68231395,37.2742380044972,-0.03320235019786566
2001-01-31,191419346.60752514,36.978867997029816,0.004543815226946801
2001-02-28,187328941.57896107,35.83466265143129,-0.021368817212352065
2001-03-31,170318459.8668676,32.32583723617874,-0.09080541195992065
2001-04-30,171081550.84752223,32.17390116836069,0.004480377413294656
2001-05-31,182849702.07102153,34.07464321714004,0.06878679299550972
2001-06-30,178480938.96884605,33.06853441111277,-0.023892645449750782
2001-07-31,173733140.65351975,32.163038687444356,-0.026601150480024316
2001-08-31,170179040.17072928,31.404318760780136,-0.020457239588378195
2001-09-30,151038651.41986248,27.66739258686249,-0.11247206901428353
2001-10-31,155847769.6589786,28.577373113360093,0.03184031500484985
2001-11-30,163722985.30814052,30.005103811056806,0.050531461992649795
2001-12-31,166123245.1236148,30.49995325502044,0.014660493827160392
2002-01-31,165628673.80559343,30.27720443309598,-0.002977134943718096
2002-02-28,160075486.08778,29.085704152008418,-0.033527936861533325
2002-03-31,167991611.81483373,30.292130640918664,0.049452454716975236
2002-04-30,162088914.38146496,29.005883253118675,-0.03513685814191092
2002-05-31,157518660.28386167,28.12810750868833,-0.028195969570426693
2002-06-30,148193302.61164773,26.387672541183353,-0.05920160605358671
2002-07-31,132248953.07719006,23.46312046743144,-0.10759156624129695
2002-08-31,133754016.28890896,23.58871352884237,0.011380530255240995
2002-09-30,127389383.95754588,22.36503680122433,-0.047584607236133114
2002-10-31,125649017.62777708,21.95623386365908,-0.013661784645640385
2002-11-30,133975092.40082555,23.348396502725127,0.06626454333064213
2002-12-31,132589472.33620286,23.101442537685635,-0.010342370658548927
2003-01-31,132295051.88672155,22.898348576613216,-0.0022205416787145493
2003-02-28,123809156.61631529,21.214102123415287,-0.0641437086979818
2003-03-31,125429070.61407283,21.309719026990976,0.013083959555411973
2003-04-30,132058868.4612886,22.4279395777309,0.052856947873070936
2003-05-31,139073909.0428124,23.591080453481485,0.053120556485611425
2003-06-30,147006735.5728171,24.832223259531055,0.057040364972862356
2003-07-31,147884485.80992904,24.86732910126878,0.005970816464237361
2003-08-31,147640256.53991798,24.64225140993215,-0.001651486757880516
2003-09-30,152309172.82115796,25.24368675260624,0.03162359908239276
2003-10-31,155401062.50905553,25.682756070579668,0.020300088501748137
2003-11-30,157285650.94978043,25.946798218420113,0.012127255826291927
2003-12-31,162107914.05359766,26.635170511081522,0.03065926913674355
2004-01-31,170110502.20047903,27.658540355736566,0.04936580791629641
2004-02-29,171961657.30667502,27.6508620367402,0.010882074194421998
2004-03-31,169272751.07427126,26.886530384035854,-0.015636661535590957
2004-04-30,170913969.6235697,26.900577508444883,0.00969570435219258
2004-05-31,166533731.96551993,25.90281429294375,-0.025628318549367535
2004-06-30,171295160.87144208,26.4012853664749,0.028591378153393965
2004-07-31,167462592.02339974,25.69588864626855,-0.022374063742049866
2004-08-31,165141286.72324875,25.17446222647777,-0.013861634840971693
2004-09-30,169738907.6596577,25.66840677635769,0.02784052993430919
2004-10-31,169914233.01705953,25.41165566548933,0.0010329120165741834
2004-11-30,178026944.8405434,26.465310814818036,0.047745922630680004
2004-12-31,182883720.44148523,27.144808694741226,0.02728112649066694
2005-01-31,180419560.4402343,26.587250697970383,-0.013473916624740512
2005-02-28,183456137.4906874,26.744863128101183,0.016830642104679105
2005-03-31,182990601.4016061,26.339142131057926,-0.002537587978515665
2005-04-30,178585484.80725124,25.408922569114463,-0.02407291172669046
2005-05-31,180974137.8982862,25.650230187182963,0.013375404465895135
2005-06-30,184923622.86304232,26.068394871883992,0.0218234771587964
2005-07-31,188268962.59625268,26.287871091254743,0.018090386081652587
2005-08-31,188854941.21900806,26.104381410936142,0.003112454727931091
2005-09-30,189385464.40317148,25.730122990164464,0.0028091570214632267
2005-10-31,184418792.28707746,24.876538723647954,-0.0262252022970505
2005-11-30,191727844.12603882,25.931783309069,0.039632901551506006
2005-12-31,195841968.28288215,26.443803114292404,0.02145814644501387
2006-01-31,198716933.74978527,26.46870262668571,0.014680027432886211
2006-02-28,198686285.0629888,26.249624763583284,-0.0001542328890555833
2006-03-31,201641457.9056142,26.32783777866768,0.01487356231804604
2006-04-30,203254082.50648457,26.147280943874517,0.007997485326778575
2006-05-31,201658075.07763213,25.650640708757322,-0.007852277352419335
2006-06-30,196204490.96132687,24.749582241646372,-0.027043718007353834
2006-07-31,197620113.42737317,24.696786766853297,0.007215036002031772
2006-08-31,202151965.5174918,25.051393562010954,0.02293213990985854
2006-09-30,207271661.8667345,25.644156440797385,0.02532597858317498
2006-10-31,214769833.0698453,26.538040282101722,0.03617557333009547
2006-11-30,219072171.4427562,26.928020270856482,0.0200323216320224
2006-12-31,223781840.2972741,27.282689787571684,0.02149825248684567
2007-01-31,225334937.29657125,27.207536656807125,0.006940228024016504
2007-02-28,228934072.15018007,27.3151814135166,0.015972378259621056
2007-03-31,223273177.55856976,26.227605554650886,-0.024727182539682313
2007-04-30,232609574.20334658,26.97626831418908,0.041816024418462217
2007-05-31,240502118.64824593,27.548490451851258,0.03393043674977769
2007-06-30,241334620.2688519,27.4182627404106,0.003461514706336377
2007-07-31,242724962.52278215,27.41008816720433,0.005761055966116091
2007-08-31,232531416.4418625,26.148607189312322,-0.041996282438246935
2007-09-30,239684757.74984157,26.72574304769692,0.0307629025679097
2007-10-31,246858580.99545473,27.32064813046202,0.029930243845962323
2007-11-30,234997132.4795202,25.729053579498373,-0.0480495693854488
2007-12-31,237910261.45684156,25.955510105240226,0.01239644478459856
2008-01-31,222126992.57799682,24.022317760836813,-0.06634126994857648
2008-02-29,218655553.4786798,23.495263401811776,-0.015628173141083113
2008-03-31,212914823.76796278,22.606810842249327,-0.026254671419890463
2008-04-30,221952349.77949148,23.3560406432016,0.04244667351756548
2008-05-31,227641954.55849102,23.69643211662317,0.0256343525295053
2008-06-30,217976799.7376443,22.41681280228193,-0.04245770442268504
2008-07-31,204727773.93853435,20.90720646266157,-0.060781816299057656
2008-08-31,209049258.34529695,21.401617360047922,0.02110844231647846
2008-09-30,198916154.26183546,20.362733946097514,-0.04847232735322193
2008-10-31,158745762.8743896,16.38735654878983,-0.20194635039328757
2008-11-30,145083043.85220462,15.25965940570458,-0.0860666689604549
2008-12-31,144571387.77879566,15.376080747423767,-0.003526642809687508
2009-01-31,142982355.2880667,15.174651936879668,-0.010991334558953736
2009-02-28,133393768.63640855,14.122181801918893,-0.0670613281781518
2009-03-31,125801882.97186689,13.323667656863929,-0.056913345669353355
2009-04-30,141295168.83120307,14.981866453039245,0.12315623179345381
2009-05-31,150697447.12419495,15.996355755263153,0.06654352283073606
2009-06-30,155013000.78307176,16.384182816215343,0.028637204818209083
2009-07-31,156985654.79395834,16.694620816995617,0.012725732686428959
2009-08-31,169726184.432104,18.09406980157608,0.0811572857078402
2009-09-30,175913881.8620306,18.83190226484008,0.03645694063429494
2009-10-31,180134312.4248851,19.358008443486835,0.02399145831006444
2009-11-30,183899928.54245752,19.81276107996605,0.020904491026065175
2009-12-31,187986283.76072034,20.322376500216528,0.022220537281608443
2010-01-31,190534798.85604328,20.527859801454397,0.013556920453658305
2010-02-28,185009796.1631074,19.920539306600425,-0.028997341829983703
2010-03-31,196002587.81786475,21.004601209715346,0.05941734914980357
2010-04-30,204015698.45157713,21.80484559962515,0.04088267773871723
2010-05-31,192015348.56042758,20.48006863842339,-0.058820718122325366
2010-06-30,185211825.3307505,19.742039853739445,-0.03543218435757489
2010-07-31,184918675.47039667,19.668660470717697,-0.0015827815520436106
2010-08-31,186517129.23064962,19.770299174358563,0.008644090469428267
2010-09-30,192806387.05790544,20.381395233204014,0.03371946508719015
2010-10-31,201633790.83819893,21.240127651759405,0.04578377259692323
2010-11-30,206658132.73255485,21.7007238277606,0.024918154211501786
2010-12-31,214334689.98645943,22.396379773044195,0.0371461657588823
2011-01-31,221758727.79126337,22.978299430554966,0.034637593220551155
2011-02-28,228749405.43601668,23.489828703298514,0.031523799375930306
2011-03-31,226208024.3364291,22.899336430143624,-0.01110989160712128
2011-04-30,231236449.25441074,23.14392944728593,0.02222920664610517
2011-05-31,232765230.34449342,23.059491506095327,0.006611332664084868
2011-06-30,224244367.03432816,22.10083128661098,-0.03660711394719196
2011-07-31,231203899.23269305,22.610981701156618,0.031035482810141124
2011-08-31,207161268.86741614,20.049852721660493,-0.1039888619745094
2011-09-30,205530336.95313683,19.698114568877706,-0.00787276464947273
2011-10-31,211741183.94012928,20.15582478668875,0.03021863866456176
2011-11-30,215489000.05056173,20.345246797645817,0.017699986562331516
2011-12-31,218845418.42556036,20.523575499431693,0.0155758223120952
2012-01-31,229316325.68143865,21.21300809180345,0.047846134185532296
2012-02-29,238866372.80321383,21.797435963717525,0.04164573583409803
2012-03-31,245759403.78695405,22.053943972904698,0.0288572681991488
2012-04-30,245670264.80959362,21.779246906824884,-0.00036270830733986514
2012-05-31,238081488.75696027,20.941467419743468,-0.03089008781146152
2012-06-30,235342593.9993649,20.547504086856083,-0.011504022307216366
2012-07-31,242223428.65326846,20.99934129338056,0.029237523632981155
2012-08-31,250435517.83643568,21.410428453442925,0.033902951621259
2012-09-30,258007885.8549999,21.783690301727674,0.030236797415891692
2012-10-31,257455903.2821578,21.577109654528776,-0.002139401945072006
2012-11-30,250158864.24566594,20.898162059573696,-0.0283428693747787
2012-12-31,255609430.1249959,21.23826113984561,0.021788417915014513
2013-01-31,266525080.07504535,21.9004754138218,0.042704410180452124
2013-02-28,272747469.3013388,22.052724336861935,0.023346355339397773
2013-03-31,280177202.15202844,22.419207114602575,0.02724033652712321
2013-04-30,284256215.6064939,22.59565539610559,0.014558691510710764
2013-05-31,297264693.1883712,23.411841781842405,0.04576321243889847
2013-06-30,293947783.7803714,22.925333173915323,-0.011158100790321202
2013-07-31,303519947.0977876,23.49246017715964,0.03256416222742553
2013-08-31,304292130.192525,23.356649094916083,0.002544093401837033
2013-09-30,307926433.5475779,23.442287167960597,0.01194346811648872
2013-10-31,314449920.582859,23.83473788763143,0.021185212844915258
2013-11-30,326590664.9486592,24.642077092412045,0.038609468697897276
2013-12-31,331563270.9264159,24.861869296461936,0.015225805607574472
2014-01-31,334778483.0873252,24.8596090936327,0.009697130058844428
2014-02-28,334349478.5261891,24.59093087789412,-0.0012814579873230425
2014-03-31,343457709.80479664,24.95603915396538,0.027241649422504288
2014-04-30,344156433.90748286,24.786315396962635,0.0020343817673602604
2014-05-31,349434927.26920205,24.943274109902582,0.015337482730711338
2014-06-30,360609884.97808415,25.55800762351129,0.031980082232229146
2014-07-31,366009677.3373348,25.817545976158737,0.014974055299617817
2014-08-31,364452715.5892643,25.617606421799398,-0.004253881371108048
2014-09-30,370938536.9478121,25.918436892606202,0.017796057159462197
2014-10-31,361126249.0961827,25.162748283083268,-0.02645259759842611
2014-11-30,381735776.1176721,26.60681714714343,0.057070143954006
2014-12-31,384160479.24800336,26.794085482572562,0.006351783830666813
2015-01-31,379903239.4395434,26.492295420383133,-0.011081930699361697
2015-02-28,390651744.5849531,26.99551369938326,0.028292744124178926
2015-03-31,390875162.6615916,26.728605452928488,0.00057191111964916
2015-04-30,394313502.5379845,26.791371680192338,0.008796516649919983
2015-05-31,398178315.4566813,26.806111379650844,0.009801370974671375
2015-06-30,396449119.1806206,26.495895292784855,-0.004342768576127587
2015-07-31,396137465.6351822,26.381136336399706,-0.0007861123416859073
2015-08-31,386537564.85097206,25.69365841705771,-0.02423376130005095
2015-09-30,369120000.6840452,24.496752170486445,-0.04506046953972542
2015-10-31,385059992.0391454,25.491441046066758,0.043183764969550786
2015-11-30,396356409.1512052,26.225851890971942,0.02933677179038474
2015-12-31,391989374.1410718,25.96542403712418,-0.011017949777790581
2016-01-31,366827736.44810224,24.20616720387848,-0.06418959123089452
2016-02-29,364813119.8111613,24.002606777289763,-0.005491996478913963
2016-03-31,388027791.9665587,25.372298620187916,0.063634422378817
2016-04-30,399016960.4539015,25.922337543673883,0.028320570626265695
2016-05-31,397805588.85757583,25.69470992344998,-0.003035889990610219
2016-06-30,402051249.4353227,25.840372927670522,0.01067270218585814
2016-07-31,415311698.6031759,26.694003256096305,0.032981987213016595
2016-08-31,420295413.2174656,26.948872433723867,0.011999937952750894
2016-09-30,418454763.4368788,26.727873346478543,-0.00437941914829898
2016-10-31,416341071.4923803,26.525143085070603,-0.005051183853514218
2016-11-30,421345611.9779315,26.85095353105627,0.012020290161651292
2016-12-31,437975379.4599188,27.86509822392354,0.039468234649274736
2017-01-31,444275548.0083082,28.063573742124472,0.014384755042985198
2017-02-28,455725753.00715005,28.65510652518414,0.02577275533207546
2017-03-31,463701261.75163656,29.086921742464654,0.017500675991776626
2017-04-30,462991714.171771,28.90424595627516,-0.0015301825515532386
2017-05-31,470831841.4267816,29.31334498027143,0.016933623248605034
2017-06-30,479200416.227435,29.748503240632758,0.017774020498048104
2017-07-31,483939556.3121223,30.002220744018565,0.00988968273858526
2017-08-31,485143987.7810235,29.91495939749749,0.0024888055815888155
2017-09-30,493169906.32937247,30.168114410678903,0.016543374236292818
2017-10-31,506661289.1512832,30.920393290333823,0.02735646001258707
2017-11-30,514719202.72952795,31.298913333880265,0.015903945595967528
2017-12-31,529565250.03740734,32.086132007705984,0.028843002610261292
2018-01-31,555318081.2949657,33.30734382803065,0.04863013812885053
2018-02-28,539293705.94566,32.03538233925027,-0.028856210321727582
2018-03-31,539647897.6204212,31.8084090576431,0.0006567695318084876
2018-04-30,530673799.02337766,30.970179293325216,-0.016629544257681372
2018-05-31,541089107.8303586,31.243615074864596,0.019626574415674503
2018-06-30,552527665.0860219,31.630556496454588,0.02113987712953458
2018-07-31,561269224.3960462,31.886366962158966,0.015821034605866036
2018-08-31,575032372.2937344,32.39027688030111,0.024521472582962556
2018-09-30,584699011.043648,32.62289112050018,0.01681059922131789
2018-10-31,562201919.7654344,31.03796107800649,-0.038476362800849984
2018-11-30,550537904.1474595,30.195583406705236,-0.020747022035857543
2018-12-31,519922084.33581007,28.291857012072867,-0.05561073920797488
2019-01-31,528952735.5321765,28.380164463547576,0.017369239484994914
2019-02-28,559791580.8998581,29.541548965131202,0.058301703150575035
2019-03-31,570703160.7653881,29.576196014784816,0.019492218600340117
2019-04-30,591958122.5966343,30.133517171387503,0.03724346261327938
2019-05-31,582897015.9167925,29.242030936939845,-0.015307006245805166
2019-06-30,591091707.44765,29.28379627530626,0.014058558042141733
2019-07-31,613721311.2085843,29.986685335042516,0.038284420971915756
2019-08-31,594491246.4500041,28.70539737183307,-0.03133354571101821
2019-09-30,612839166.2565005,29.22952023303527,0.03086322955310239
2019-10-31,612905063.913312,28.841122881953396,0.00010752846821793227
2019-11-30,640085220.0204897,29.83686765908342,0.044346437494962476
2019-12-31,655896812.5532057,30.331822322243287,0.024702324062739534
2020-01-31,677853415.7511959,30.98522030023069,0.0334756973623942
2020-02-29,678688617.7517424,30.729689264735736,0.0012321277449356405
2020-03-31,550303992.2534387,24.817168629099413,-0.18916572657958663
2020-04-30,574070072.2360836,25.927358825280162,0.04318718438753333
2020-05-31,607868248.638338,27.32848099769845,0.05887465317710383
2020-06-30,647430541.6461517,28.838315955122837,0.0650836642585555
2020-07-31,669933235.0127102,29.59919492766699,0.03475692281884535
2020-08-31,709410967.4359746,31.158208965355215,0.05892786080767487
2020-09-30,704958119.6627553,30.83942604381124,-0.0062768239816101135
2020-10-31,717122383.1934808,31.283694032592845,0.017255299558142312
2020-11-30,745474910.2937112,32.47320409661254,0.03953652509627603
2020-12-31,777229408.6909804,33.76559141811709,0.042596334174088035
2021-01-31,798951529.4176724,34.51243229410689,0.027948145661750745
2021-02-28,818853859.0528373,35.1039071719698,0.024910559530026744
2021-03-31,825575797.4266986,35.04254511219206,0.008208959754597123
2021-04-30,875289087.9287597,36.719814109132976,0.06021650665755507
2021-05-31,881944671.5427068,36.552133989799046,0.007603869059645829
2021-06-30,897912960.5810765,36.69625801308836,0.018105771885256416
2021-07-31,925470915.6069912,37.443383184615385,0.030691120671741734
2021-08-31,945702138.533019,37.97350061407047,0.021860463235366723
2021-09-30,944911225.7623925,37.620346686651175,-0.0008363233394537151
2021-10-31,949190634.5808926,37.2530250003253,0.004528900389607848
2021-11-30,994234054.7378894,38.58262749771921,0.04745455603540094
2021-12-31,996879549.1942621,38.30484987346743,0.002660836695108193
2022-01-31,976433367.302449,36.936758070297444,-0.020510182908596075
2022-02-28,948101033.8788224,35.287149225694854,-0.029016146285433808
2022-03-31,939647777.4517744,34.27079869329171,-0.008915986930701392
2022-04-30,940771583.1607376,33.889164755913825,0.0011959861300485652
2022-05-31,866719373.4490572,30.673155079545115,-0.07871433516612503
2022-06-30,837528477.6361454,29.04772139510383,-0.03367975460932471
2022-07-31,841428096.5147493,29.004618317208923,0.004656103025428182
2022-08-31,895686037.4404601,30.698763365175274,0.0644831580386378
2022-09-30,830511112.2440634,28.22988465582195,-0.072765369194146
2022-10-31,804848155.4995915,27.080766925400685,-0.030900196717573047
2022-11-30,847394749.0845566,28.378949016273307,0.05286288263722905
2022-12-31,847496209.1098268,28.316901284527276,0.00011973171344270561
2023-01-31,859169386.2951106,28.33481342375568,0.013773722005842037
2023-02-28,886214976.4095298,28.919762943866626,0.031478763729053005
2023-03-31,863310318.5597464,27.938131253997884,-0.02584548722318014
2023-04-30,897813130.6138971,28.76484126761537,0.03996571257449055
2023-05-31,904439280.951334,28.762051343131226,0.00738032237611197
2023-06-30,949141388.5506985,29.940031645987485,0.04942521686181589
2023-07-31,985934166.6908745,30.891659813659924,0.038764275358760925
2023-08-31,976101789.3788795,30.304748245365193,-0.009972650958020468
2023-09-30,966797574.4451675,29.79968186135023,-0.009532012987736205
2023-10-31,937438943.6890991,28.76905495498396,-0.03036688499442808
2023-11-30,980583335.5337598,30.013224817381477,0.046023682006291367
2023-12-31,1031336994.3355792,31.452310923844564,0.05175863892709609
2024-01-31,1061371031.1882023,32.04512301259601,0.029121457891629232
2024-02-29,1105944073.2205448,33.03719268559904,0.04199572131005236
2024-03-31,1142245679.5714502,33.75492017640601,0.03282408869482345
2024-04-30,1130726019.5019734,33.141593030769805,-0.010085098394768122
2024-05-31,1159190219.0058258,33.77363454011197,0.025173383306762
2024-06-30,1200355321.9979734,34.81054878004298,0.03551194818349379
2024-07-31,1228928482.2110229,35.443553078907236,0.02380391846431751
2024-08-31,1217009151.8246937,34.91963134861477,-0.009698961785705063
2024-09-30,1250146275.9039125,35.66018363515212,0.027228327765272287
2024-10-31,1289558311.3854766,36.58721052793014,0.03152593919704905
2024-11-30,1321571226.4376135,37.350195655078785,0.024824713058336112
2024-12-31,1341011434.0495706,37.71119169643462,0.014709920451551728
2025-01-31,1335407126.4500916,37.129219852198894,-0.00417916466420809
2025-02-28,1350031570.5459607,37.18717559369689,0.010951300023944954
2025-03-31,1272150663.9930294,34.78475033985074,-0.05768821133674362
2025-04-30,1203191857.9244027,32.62127034111353,-0.05420647728326344
2025-05-31,1303542593.4354217,35.07669704372763,0.08340376877560618
2025-06-30,1354123216.2412448,36.111092133696914,0.03880243197310529
2025-07-31,1415435153.335587,37.47424619164658,0.04527796020256636
2025-08-31,1442177017.5588748,37.84614504488177,0.01889303382091967
2025-09-30,1483043575.632546,38.58038732538845,0.028336714270238872
2025-10-31,1518687549.9106174,39.205692171126486,0.02403434050335873
2025-11-30,1521346237.8749218,39.14956659041541,0.0017506484230156438
2025-12-31,1548150535.9478283,39.58164099324255,0.017618801956843066
2026-01-31,1566843642.7318525,39.640818428596916,0.012074476189474437
2026-02-28,1560366974.5426624,39.01399720511149,-0.004133576581960563
2026-03-31,1507699122.1936767,37.031611446020385,-0.033753503636170246
2026-04-30,1577778492.502894,38.13827810357584,0.04648100491512719
2026-05-31,1682618410.9295585,40.26578430129938,0.06644780552202412
2026-06-30,1692659303.3679986,40.49374282511722,0.0059674209988545
2026-07-31,1699772129.4258084,40.61542498003572,0.004202160496005858
2026-08-31,1726845677.3199143,41.17762140136851,0.015927751388211897
