Date,USSPX500,USNDAQ100,US30,US2000,USDMXN,USDJPY,EURUSD,GBPUSD,USDCAD,USDCHF,USDCNH,USDNOK,USDSEK,GOLD,SILVER,USSPX500_ret,USNDAQ100_ret,US30_ret,US2000_ret,USDMXN_ret,USDJPY_ret,EURUSD_ret,GBPUSD_ret,USDCAD_ret,USDCHF_ret,USDCNH_ret,USDNOK_ret,USDSEK_ret,GOLD_ret,SILVER_ret
2000-01-31,,2549.74,,,,107.27,0.9711,1.6156,1.4468,1.6564,,,8.856,,,,,,,,,,,,,,,,,
2000-02-29,,3308.48,,,,110.24,0.9635,1.58,1.4504,1.6667,,,8.749,,,,0.2975754390643752,,,,0.027687144588421697,-0.007826176500875248,-0.022035157217132895,0.002488249930881814,0.006218304757305004,,,-0.012082204155374865,,
2000-03-31,,3321.91,,,,102.77,0.9552,1.5911,1.4494,1.6654,,,8.6427,,,,0.004059265886449337,,,,-0.06776124818577645,-0.008614426569797606,0.007025316455696151,-0.0006894649751791881,-0.0007799844003120171,,,-0.012149959995428117,,
2000-04-30,,2554.4,,,,108.09,0.9117,1.5521,1.4819,1.7167,,,8.9077,,,,-0.2310447904970333,,,,0.05176607959521262,-0.045540201005025205,-0.024511344352963316,0.022423071615841117,0.03080341059204983,,,0.030661714510511917,,
2000-05-31,,2852.87,,,,107.66,0.937,1.5004,1.4963,1.681,,,8.9347,,,,0.1168454431569057,,,,-0.003978166342862521,0.027750356476911486,-0.03330970942593914,0.009717254875497572,-0.02079571270460756,,,0.003031085465383887,,
2000-06-30,,2743.7,,,,106.09,0.9523,1.5173,1.4794,1.6366,,,8.8269,,,,-0.038266727891561825,,,,-0.01458294631246515,0.016328708644610446,0.011263663023193926,-0.011294526498696777,-0.026412849494348634,,,-0.012065318365473865,,
2000-07-31,,2719.91,,,,109.31,0.9266,1.5,1.487,1.6699,,,9.1602,,,,-0.00867077304370012,,,,0.030351588274106778,-0.026987293919983224,-0.01140183220193769,0.005137217790996296,0.020347060980080656,,,0.03775957584202838,,
2000-08-31,,2895.39,,,,106.67,0.8886,1.4475,1.4718,1.7405,,,9.4314,,,,0.06451684063075613,,,,-0.02415149574604336,-0.04101014461472052,-0.03500000000000003,-0.010221923335575034,0.04227798071740829,,,0.029606340472915438,,
2000-09-30,,3057.06,,,,108.08,0.8842,1.4761,1.5025,1.7242,,,9.6535,,,,0.05583703749753921,,,,0.013218336926970942,-0.004951609273013635,0.01975820379965465,0.02085881233863285,-0.00936512496409081,,,0.023548995907288317,,
2000-10-31,,2890.26,,,,109.01,0.8484,1.448,1.5238,1.7971,,,9.9915,,,,-0.05456222645286635,,,,0.008604737231680204,-0.04048857724496713,-0.019036650633425967,0.014176372712146446,0.04228047790279543,,,0.03501320764489568,,
2000-11-30,,2972.91,,,,110.37,0.8724,1.4253,1.5357,1.7298,,,10.0071,,,,0.028596043262543835,,,,0.012475919640400068,0.028288543140028155,-0.01567679558011048,0.007809423808898819,-0.03744922374937398,,,0.001561327128058787,,
2000-12-31,,2863.21,,,,114.37,0.9424,1.4929,1.4995,1.6111,,,9.4158,,,,-0.036899872515481436,,,,0.036241732354806544,0.08023842274186155,0.04742861152038169,-0.023572312300579545,-0.0686206497861025,,,-0.0590880474862846,,
2001-01-31,,1424.15,,,,116.57,0.9377,1.4643,1.4973,1.633,,,9.4679,,,,-0.5026037209984597,,,,0.019235813587479056,-0.004987266553480474,-0.019157344765222017,-0.0014671557185728101,0.013593197194463391,,,0.00553325261793991,,
2001-02-28,,1425.78,,,,117.35,0.9235,1.4455,1.5367,1.6694,,,9.8054,,,,0.0011445423585998427,,,,0.006691258471304806,-0.015143436066972327,-0.012838899132691317,0.026314031924129955,0.022290263319044712,,,0.03564676432999936,,
2001-03-31,,1567.54,,,,126.28,0.8755,1.4163,1.5756,1.7426,,,10.4126,,,,0.09942627894906653,,,,0.07609714529186196,-0.05197617758527351,-0.02020062262193023,0.02531398451226652,0.043848089133820434,,,0.06192506170069545,,
2001-04-30,,1634.27,,,,123.58,0.8892,1.4333,1.535,1.7311,,,10.2536,,,,0.04256988657386729,,,,-0.021381057966423866,0.015648201027984143,0.01200310668643656,-0.02576796141152571,-0.006599334328015516,,,-0.015269961392927689,,
2001-05-31,,1720.91,,,,119.3,0.8446,1.4184,1.5374,1.7981,,,10.7955,,,,0.053014495768753056,,,,-0.034633435831040615,-0.05015744489428697,-0.010395590595130066,0.0015635179153095091,0.038703714401247646,,,0.05284973082624633,,
2001-06-30,,1717.97,,,,124.61,0.8497,1.4163,1.5156,1.7933,,,10.8486,,,,-0.0017083984636035998,,,,0.044509639564124015,0.0060383613544874315,-0.0014805414551608553,-0.014179784050995181,-0.002669484455814497,,,0.004918716131721457,,
2001-07-31,,1673.9,,,,125.01,0.8763,1.4252,1.5332,1.7255,,,10.5804,,,,-0.025652368784088164,,,,0.003210015247572473,0.031305166529363326,0.006283979382899263,0.011612562681446281,-0.03780739418948298,,,-0.024722083955533436,,
2001-08-31,,1510.6,,,,118.79,0.9125,1.4542,1.5512,1.6631,,,10.3966,,,,-0.09755660433717672,,,,-0.049756019518438555,0.04131005363460005,0.020348021330339527,0.011740151317505942,-0.03616343088959717,,,-0.01737174397943364,,
2001-09-30,,1514.96,,,,119.53,0.9114,1.4744,1.5792,1.6208,,,10.6859,,,,0.002886270356149856,,,,0.0062294805960096955,-0.0012054794520547363,0.013890799064777859,0.018050541516245522,-0.025434429679514148,,,0.02782640478618026,,
2001-10-31,,1645.36,,,,122.48,0.9002,1.4545,1.5883,1.6346,,,10.6602,,,,0.08607487986481477,,,,0.0246799966535598,-0.01228878648233489,-0.013497015735214335,0.005762411347517871,0.00851431391905244,,,-0.002405038415107752,,
2001-11-30,,1661.27,,,,123.51,0.8956,1.4242,1.5712,1.6415,,,10.6515,,,,0.009669616375747703,,,,0.00840953625081653,-0.005109975560986468,-0.020831900996906128,-0.010766228042561332,0.004221216199681743,,,-0.0008161197726120895,,
2001-12-31,,1669.95,,,,131.68,0.8896,1.4546,1.5933,1.6612,,,10.481,,,,0.005224918285408275,,,,0.06614849000080958,-0.006699419383653371,0.021345316669007186,0.014065682281058978,0.012001218397806879,,,-0.016007135145284734,,
2002-01-31,,1019.06,,,,134.72,0.8592,1.4106,1.5893,1.7196,,,10.6523,,,,-0.389766160663493,,,,0.023086269744835963,-0.03417266187050361,-0.030248865667537372,-0.002510512772233686,0.035155309414880875,,,0.016343860318671855,,
2002-02-28,,1120.49,,,,133.34,0.8695,1.4168,1.6011,1.6966,,,10.429,,,,0.0995329028712737,,,,-0.010243467933491623,0.01198789571694614,0.004395292783212712,0.00742465236267531,-0.01337520353570587,,,-0.02096260901401581,,
2002-03-31,,1088.8,,,,132.73,0.8719,1.4259,1.5949,1.6828,,,10.3585,,,,-0.02828226936429601,,,,-0.004574771261437016,0.0027602070155261504,0.006422924901185789,-0.003872337767784617,-0.008133914888600713,,,-0.00675999616454126,,
2002-04-30,,1069.49,,,,128.54,0.9005,1.4579,1.5675,1.617,,,10.2513,,,,-0.017735121234386475,,,,-0.031567844496345976,0.032801926826470984,0.022441966477312558,-0.0171797604865509,-0.03910149750415981,,,-0.010348988753197785,,
2002-05-31,,1053.06,,,,124.12,0.9337,1.4543,1.5274,1.5723,,,9.7434,,,,-0.0153624624821177,,,,-0.03438618328924836,0.0368684064408662,-0.0024693051649633535,-0.025582137161084373,-0.027643784786641867,,,-0.04954493576424468,,
2002-06-30,,1065.97,,,,119.59,0.9911,1.5331,1.5165,1.481,,,9.1595,,,,0.012259510379275751,,,,-0.03649693844666457,0.06147584877369616,0.05418414357422807,-0.007136310069399077,-0.05806779876613877,,,-0.05992774596136874,,
2002-07-31,,1025.79,,,,119.78,0.9774,1.5631,1.5842,1.4853,,,9.4727,,,,-0.03769336848128935,,,,0.0015887616021406092,-0.013823024921803984,0.019568195160132973,0.04464226838114094,0.0029034436191761603,,,0.034194006223047024,,
2002-08-31,,1008.44,,,,118.43,0.9815,1.5498,1.5588,1.4982,,,9.3795,,,,-0.0169137932715272,,,,-0.011270662881950222,0.004194802537343945,-0.00850873264666363,-0.016033329125110574,0.008685114118359927,,,-0.009838799919769436,,
2002-09-30,,1014.84,,,,121.68,0.9865,1.5681,1.5872,1.4759,,,9.262,,,,0.006346436079489148,,,,0.027442371020856227,0.005094243504839557,0.011807975222609457,0.01821914293045923,-0.014884528100387096,,,-0.01252732021962788,,
2002-10-31,,1033.07,,,,122.49,0.9906,1.5652,1.5588,1.4763,,,9.151,,,,0.0179634228055654,,,,0.00665680473372765,0.004156107450582924,-0.0018493718512850865,-0.017893145161290258,0.00027102107188836655,,,-0.01198445260202985,,
2002-11-30,,1036.34,,,,122.5,0.9938,1.5575,1.5654,1.4826,,,9.0497,,,,0.003165322775804169,,,,8.163931749538555e-05,0.0032303654350898103,-0.004919499105545455,0.004234026173979943,0.004267425320056972,,,-0.01106982843405091,,
2002-12-31,,1039.95,,,,118.78,1.0489,1.6097,1.5718,1.3834,,,8.6903,,,,0.003483412779589745,,,,-0.03036734693877552,0.055443751257798324,0.033515248796147645,0.004088411907499756,-0.06690948334007818,,,-0.039714023669292775,,
2003-01-31,,1447.08,,,,119.94,1.0771,1.6471,1.5199,1.3637,,,8.5845,,,,0.3914899754795902,,,,0.009765953864286914,0.026885308418343135,0.023234143008014074,-0.03301946812571577,-0.014240277576984317,,,-0.012174493400688213,,
2003-02-28,,1431.89,,,,118.14,1.0806,1.5734,1.4835,1.352,,,8.4889,,,,-0.010497000856897865,,,,-0.015007503751875872,0.0032494661591311313,-0.0447453099386802,-0.023948944009474338,-0.008579599618684375,,,-0.011136350398974981,,
2003-03-31,,1419.77,,,,118.04,1.0922,1.5819,1.4677,1.3509,,,8.4528,,,,-0.008464337344349149,,,,-0.0008464533604197744,0.010734776975754201,0.0054023134612941615,-0.010650488709133876,-0.0008136094674556782,,,-0.004252612234800668,,
2003-04-30,,1432.38,,,,118.92,1.1183,1.5991,1.4303,1.3548,,,8.1552,,,,0.008881720278636873,,,,0.0074550999661131545,0.023896722212049193,0.010873000821796541,-0.025482046739797037,0.0028869642460582767,,,-0.035207268597387764,,
2003-05-31,,1406.91,,,,119.35,1.1785,1.636,1.3667,1.298,,,7.7404,,,,-0.01778159426967707,,,,0.003615876219307035,0.053831708843780746,0.02307547995747594,-0.044466195902957306,-0.041925007381163226,,,-0.05086325289385918,,
2003-06-30,,1440.08,,,,119.7,1.1524,1.6562,1.3464,1.3496,,,7.9886,,,,0.023576490322763988,,,,0.0029325513196480912,-0.022146796775562194,0.012347188264058673,-0.014853296261066795,0.0397534668721109,,,0.03206552632938853,,
2003-07-31,,1436.73,,,,120.59,1.1233,1.6097,1.4053,1.3699,,,8.2156,,,,-0.0023262596522414247,,,,0.007435254803675795,-0.025251648733078946,-0.02807631928511045,0.0437462863933451,0.015041493775933557,,,0.028415492076208526,,
2003-08-31,,1418.05,,,,116.92,1.0985,1.5777,1.3866,1.4004,,,8.3506,,,,-0.01300174702275314,,,,-0.030433700970229682,-0.02207780646309976,-0.019879480648567927,-0.013306767238312034,0.022264398861230994,,,0.016432153464141397,,
2003-09-30,,1383.66,,,,111.5,1.1658,1.6612,1.352,1.3197,,,7.7535,,,,-0.02425161313070756,,,,-0.04635648306534379,0.06126536185707776,0.05292514419724914,-0.024953122746285805,-0.05762639245929735,,,-0.07150384403515919,,
2003-10-31,,1388.96,,,,110.06,1.1586,1.6978,1.3181,1.34,,,7.8338,,,,0.0038304207681076896,,,,-0.012914798206278055,-0.006176016469377155,0.022032265831928743,-0.025073964497041468,0.01538228385239071,,,0.010356613142451732,,
2003-11-30,,1416.96,,,,109.65,1.1998,1.7217,1.2992,1.2916,,,7.5478,,,,0.02015896786084559,,,,-0.003725240777757599,0.03556015881235974,0.01407704087642836,-0.014338821030270954,-0.036119402985074656,,,-0.03650846332558921,,
2003-12-31,,1417.27,,,,107.21,1.2588,1.7859,1.297,1.2389,,,7.1891,,,,0.00021877822944893488,,,,-0.022252621979024223,0.04917486247707936,0.037288726258930094,-0.0016933497536946174,-0.040802105915144105,,,-0.04752378176422267,,
2004-01-31,,1607.15,,,,105.78,1.2467,1.8247,1.3245,1.2569,,,7.3819,,,,0.13397588321209097,,,,-0.013338307993657206,-0.009612329202414949,0.021725740522985593,0.021202775636083304,0.014529017676971456,,,0.0268183778219806,,
2004-02-29,,1613.15,,,,109.35,1.2495,1.868,1.3355,1.2625,,,7.3897,,,,0.003733316740814452,,,,0.033749290981281765,0.00224592925322864,0.023729928207376627,0.008305020762551907,0.004455406158007769,,,0.0010566385347945406,,
2004-03-31,,1614.4,,,,104.25,1.2316,1.8462,1.3094,1.2656,,,7.5364,,,,0.000774881443139197,,,,-0.04663923182441698,-0.014325730292116923,-0.011670235546038521,-0.019543242231374047,0.0024554455445544576,,,0.019851956101059498,,
2004-04-30,,1516.2,,,,110.55,1.1986,1.7788,1.3723,1.296,,,7.6446,,,,-0.06082755203171464,,,,0.060431654676258884,-0.026794413770704684,-0.0365074206478172,0.048037268978158076,0.02402022756005051,,,0.014356987421049627,,
2004-05-31,,1525.24,,,,109.48,1.2192,1.8333,1.3624,1.2543,,,7.4662,,,,0.005962274106318333,,,,-0.009678878335594665,0.01718671783747694,0.030638632786147868,-0.007214165998688293,-0.032175925925926,,,-0.02333673442691575,,
2004-06-30,,1619.59,,,,108.8,1.2186,1.8196,1.3333,1.25,,,7.512,,,,0.061859117253677987,,,,-0.006211180124223614,-0.0004921259842520787,-0.007472863142966135,-0.021359365825014742,-0.003428206968029923,,,0.006134311965926509,,
2004-07-31,,1589.33,,,,111.33,1.2019,1.8197,1.3314,1.2823,,,7.6753,,,,-0.018683740946782823,,,,0.02325367647058818,-0.013704250779583038,5.495713343584008e-05,-0.0014250356258906915,0.025840000000000085,,,0.021738551650692273,,
2004-08-31,,1601.91,,,,109.09,1.2182,1.8026,1.3125,1.2669,,,7.4999,,,,0.007915285057225496,,,,-0.020120362885116316,0.013561860387719449,-0.009397153376930367,-0.014195583596214423,-0.012009670123996008,,,-0.02285252693705786,,
2004-09-30,,1609.79,,,,110.07,1.2428,1.8118,1.2621,1.2461,,,7.2703,,,,0.004919127791199074,,,,0.008983408195068154,0.020193728451814108,0.005103739043603728,-0.03839999999999999,-0.016418028257952466,,,-0.030613741516553605,,
2004-10-31,,1605.16,,,,105.76,1.2787,1.8378,1.2175,1.1946,,,7.075,,,,-0.002876151547717365,,,,-0.03915690015444706,0.02888638558094625,0.01435036979799098,-0.03533792884874409,-0.04132894631249484,,,-0.026862715431275164,,
2004-11-30,,1541.7,,,,103.03,1.3289,1.9093,1.1876,1.1405,,,6.7263,,,,-0.03953499962620555,,,,-0.025813161875945623,0.03925862203800734,0.03890521275438008,-0.02455852156057503,-0.045287125397622696,,,-0.049286219081272065,,
2004-12-31,,1558.41,,,,102.47,1.3562,1.9191,1.2011,1.1402,,,6.6558,,,,0.010838684568982293,,,,-0.00543531010385323,0.020543306494092972,0.005132771172681183,0.011367463792522736,-0.0002630425252082569,,,-0.010481245261139138,,
2005-01-31,,1576.52,,,,103.62,1.3045,1.8839,1.2404,1.1882,,,6.989,,,,0.011620818654910936,,,,0.011222796916170674,-0.03812122105884097,-0.018341931113542875,0.032720006660561074,0.04209787756533934,,,0.05006160040866603,,
2005-02-28,,1709.1,,,,104.57,1.3215,1.9202,1.2354,1.1642,,,6.8507,,,,0.08409661786720113,,,,0.009168114263655491,0.013031812955155209,0.019268538669780844,-0.004030957755562614,-0.020198619760983028,,,-0.019788238660752633,,
2005-03-31,,1619.67,,,,107.14,1.2965,1.8904,1.2103,1.1964,,,7.0746,,,,-0.052325785501140865,,,,0.02457683848140002,-0.01891789632992802,-0.015519216748255293,-0.020317306135664626,0.027658477924755287,,,0.03268279153955067,,
2005-04-30,,1628.03,,,,104.68,1.2874,1.9086,1.2578,1.1953,,,7.1359,,,,0.005161545253045352,,,,-0.022960612282994175,-0.007018897030466542,0.009627592044011868,0.039246467817896535,-0.0009194249414909983,,,0.008664800836796438,,
2005-05-31,,1694.77,,,,108.5,1.2308,1.8173,1.2544,1.2477,,,7.4399,,,,0.04099433057130408,,,,0.03649216660298049,-0.04396457977318646,-0.04783611023787082,-0.002703132453490298,0.04383836693717069,,,0.04260149385501477,,
2005-06-30,,1701.35,,,,110.75,1.2094,1.7908,1.2253,1.2817,,,7.8102,,,,0.0038825327330551662,,,,0.02073732718894017,-0.017387065323366757,-0.014582072305067917,-0.023198341836734637,0.02725014025807493,,,0.049772174357182175,,
2005-07-31,,1697.04,,,,112.74,1.2123,1.7574,1.2232,1.2881,,,7.7674,,,,-0.0025332823933934545,,,,0.01796839729119637,0.0023978832478914747,-0.018650882287245873,-0.0017138659920019617,0.004993368182881985,,,-0.005480013315920185,,
2005-08-31,,1685.59,,,,110.62,1.2342,1.8035,1.1885,1.2533,,,7.5544,,,,-0.006747041908263807,,,,-0.018804328543551407,0.018064835436773174,0.026231933538181318,-0.028368214519293833,-0.02701653598323106,,,-0.027422303473491727,,
2005-09-30,,1692.62,,,,114.01,1.2064,1.7682,1.1678,1.293,,,7.7497,,,,0.004170646479867646,,,,0.030645452901826076,-0.02252471236428455,-0.0195730523981148,-0.017416912074042834,0.0316763743716586,,,0.025852483320978337,,
2005-10-31,,1650.93,,,,116.59,1.1984,1.768,1.1811,1.29,,,7.9603,,,,-0.024630454561567205,,,,0.022629593895272304,-0.006631299734747964,-0.00011310937676733968,0.01138893646172301,-0.002320185614849146,,,0.027175245493374023,,
2005-11-30,,1653.36,,,,119.82,1.179,1.7292,1.1667,1.3151,,,8.0734,,,,0.0014718976576837406,,,,0.027703919718672143,-0.01618825100133503,-0.021945701357465985,-0.01219202438404876,0.019457364341085137,,,0.014208007235908093,,
2005-12-31,,1698.35,,,,117.69,1.1839,1.7229,1.1625,1.3157,,,7.9328,,,,0.027211254657182993,,,,-0.017776664997496194,0.004156064461407816,-0.003643303261623876,-0.003599897145795783,0.00045623906927239055,,,-0.01741521539871671,,
2006-01-31,,1775.12,,,,117.22,1.2148,1.7788,1.1387,1.2787,,,7.5904,,,,0.04520269673506627,,,,-0.003993542357039637,0.02610017737984638,0.03244529572232846,-0.02047311827956988,-0.0281219122900358,,,-0.043162565550625365,,
2006-02-28,,1710.17,,,,115.77,1.1931,1.7537,1.1366,1.3107,,6.7415,7.9046,,,,-0.03658907566812375,,,,-0.012369902746971584,-0.017863022719789345,-0.014110636384079056,-0.0018442083077193638,0.02502541643857037,,,0.04139439291736946,,
2006-03-31,,1703.98,,,,117.79,1.2116,1.7372,1.1685,1.3042,,6.5511,7.7858,,,,-0.0036195232052954607,,,,0.01744838904724899,0.015505825161344466,-0.009408678793408232,0.028066162238254533,-0.0049591821164263195,,-0.028242972632203545,-0.015029223490119703,,
2006-04-30,,1799.93,,,,113.83,1.2635,1.8257,1.1171,1.2381,,6.1476,7.3449,,,,0.05630934635383045,,,,-0.03361915272943383,0.04283591944536158,0.050944047893161315,-0.04398801882755676,-0.050682410673209666,,-0.06159270962128505,-0.05662873436255744,,
2006-05-31,,1804.85,,,,112.58,1.2817,1.872,1.1012,1.2179,,6.0795,7.2315,,,,0.0027334396337634903,,,,-0.01098128788544317,0.01440443213296394,0.02536013583830865,-0.014233282606749609,-0.016315321864146637,,-0.01107749365606081,-0.015439284401421394,,
2006-06-30,,1799.13,,,,114.43,1.279,1.8498,1.1164,1.223,,6.219,7.1948,,,,-0.0031692384408675833,,,,0.016432758926985258,-0.002106577202153459,-0.011858974358974317,0.013803123864874811,0.00418753592248966,,0.022945965951147285,-0.005075019014035731,,
2006-07-31,,1777.46,,,,114.64,1.2767,1.8679,1.1319,1.2307,,6.157,7.209,,,,-0.012044710498963385,,,,0.0018351830813596592,-0.0017982799061766475,0.009784841604497663,0.013883912576137414,0.006295993458707905,,-0.009969448464383412,0.0019736476344025533,,
2006-08-31,,1786.21,,,,117.36,1.2806,1.9041,1.1037,1.2316,,6.3209,7.2473,,,,0.004922754942445984,,,,0.023726448011165413,0.003054750528706851,0.019380052465335362,-0.02491386164855558,0.0007312911351264884,,0.02662010719506247,0.005312803440144398,,
2006-09-30,,1740.14,,,,118.17,1.2673,1.8722,1.1178,1.2504,,6.531,7.3308,,,,-0.025792040129659966,,,,0.006901840490797673,-0.010385756676557722,-0.01675332177931821,0.012775210655069369,0.015264696329977179,,0.03323893749307838,0.011521532156803183,,
2006-10-31,,1751.11,,,,116.87,1.2765,1.9078,1.1223,1.2436,,6.5367,7.218,,,,0.006304090475478974,,,,-0.011001100110010986,0.007259528130671322,0.019015062493323187,0.004025764895330353,-0.005438259756877728,,0.000872760679834661,-0.015387133737109204,,
2006-11-30,,1791.74,,,,115.74,1.3238,1.9652,1.1409,1.1981,,6.1587,6.8387,,,,0.02320242588986421,,,,-0.009668862839051995,0.037054445750098086,0.030087011217108772,0.01657310879443985,-0.03658732711482804,,-0.057827344072697295,-0.05254918259905783,,
2006-12-31,,1781.97,,,,119.06,1.3198,1.9587,1.1658,1.2188,,6.2325,6.8447,,,,-0.00545280007143889,,,,0.02868498358389493,-0.003021604471974637,-0.0033075513942600887,0.02182487509860631,0.017277355813371198,,0.011983048370597826,0.0008773597321127813,,
2007-01-31,,2197.07,,,,120.85,1.3021,1.964,1.1766,1.2444,,6.2431,6.9517,,,,0.23294443789738328,,,,0.015034436418612351,-0.013411122897408756,0.0027058763465563906,0.009264024704066065,0.021004266491631007,,0.0017007621339750756,0.01563253320087088,,
2007-02-28,,2213.86,,,,118.5,1.3223,1.9629,1.1698,1.2189,,6.1343,6.9967,,,,0.00764199593094439,,,,-0.01944559371121224,0.015513401428461693,-0.0005600814663950793,-0.00577936426993042,-0.02049180327868838,,-0.017427239672598627,0.006473236762230883,,
2007-03-31,,2067.45,,,,117.82,1.3354,1.9679,1.1538,1.2153,,6.0799,6.9811,,,,-0.06613335983305191,,,,-0.005738396624472619,0.009906980261665144,0.0025472515156146347,-0.013677551718242476,-0.0029534826482894294,,-0.008868167517075976,-0.002229622536338516,,
2007-04-30,,2059.06,,,,119.41,1.3642,1.9995,1.1097,1.2071,,5.9484,6.7002,,,,-0.0040581392536699346,,,,0.01349516211169588,0.021566571813688817,0.01605772651049353,-0.038221528861154486,-0.0067473051921336236,,-0.021628645207980357,-0.040237211900703285,,
2007-05-31,,2099.31,,,,121.71,1.3451,1.9802,1.0698,1.2251,,6.0292,6.9139,,,,0.01954775480073434,,,,0.019261368394606793,-0.014000879636417052,-0.009652413103275914,-0.03595566369288983,0.014911772015574476,,0.013583484634523524,0.031894570311334025,,
2007-06-30,,2127.65,,,,123.16,1.354,2.0086,1.0652,1.2214,,5.8915,6.8306,,,,0.013499673702311865,,,,0.011913565031632656,0.006616608430600079,0.014341985658014256,-0.004299869134417822,-0.003020161619459616,,-0.02283885092549598,-0.012048192771084376,,
2007-07-31,,2130.0,,,10.989,118.4,1.3677,2.0295,1.0669,1.2007,,5.827,6.7332,,,,0.0011045049702722576,,,,-0.03864891198441045,0.010118168389955606,0.010405257393209189,0.0015959444235824627,-0.016947764859996717,,-0.010947975897479423,-0.014259362281497934,,
2007-08-31,,2106.16,,,11.0302,115.75,1.3628,2.017,1.0555,1.2083,,5.8213,6.8908,,,,-0.01119248826291086,,,0.0037492037492037333,-0.0223817567567568,-0.0035826570154272597,-0.00615915250061605,-0.010685162620676536,0.006329641042724932,,-0.000978204908186009,0.02340640408720951,,
2007-09-30,,2034.3,,,10.9285,114.78,1.4266,2.0471,0.9921,1.1635,,5.3841,6.4344,,,,-0.0341189653207733,,,-0.009220141067251775,-0.008380129589632856,0.04681538009979458,0.01492315319781845,-0.0600663192799622,-0.03707688487958283,,-0.07510349921838766,-0.06623323852092633,,
2007-10-31,,2134.88,,,10.6388,115.31,1.4471,2.0802,0.9442,1.1586,,5.3698,6.3517,,,,0.04944206852479982,,,-0.026508669991307077,0.004617529186269342,0.014369830365905,0.016169214987054925,-0.04828142324362461,-0.004211431027073442,,-0.002655968499842176,-0.01285279124704708,,
2007-11-30,,2083.72,13371.0,,10.9107,111.2,1.4638,2.0577,0.999,1.1313,,5.5363,6.3916,,,,-0.02396387618976259,,,0.025557393691017838,-0.035643049171797725,0.011540322023356975,-0.010816267666570512,0.05803855115441636,-0.023562920766442397,,0.03100674140563897,0.006281782829793636,,
2007-12-31,,2101.36,13265.0,,10.9083,111.71,1.4601,1.9842,0.9879,1.1329,,5.4264,6.452,,,,0.008465628779298795,-0.00792760451723884,,-0.00021996755478559393,0.004586330935251626,-0.00252766771416868,-0.03571949263741081,-0.011111111111111072,0.0014143021302925884,,-0.01985080288279173,0.009449902997684445,,
2008-01-31,,1091.16,12650.0,,10.8167,106.39,1.4847,1.9881,1.0023,1.0819,,5.4117,6.3754,,,,-0.4807362850725244,-0.046362608367885416,,-0.008397275469138155,-0.04762331035717482,0.016848161084857205,0.0019655276685817125,0.014576374126935798,-0.04501721246358892,,-0.002708978328173406,-0.011872287662740288,,
2008-02-29,,1130.0,12267.0,,10.7067,103.71,1.5178,1.9891,0.9877,1.0409,,5.2101,6.1647,,19.8,,0.035595146449649784,-0.03027667984189719,,-0.010169460186563506,-0.025190337437729138,0.022294066141308022,0.0005029928072028955,-0.014566497056769379,-0.037896293557630245,,-0.03725261932479629,-0.03304890673526373,,
2008-03-31,,1166.2,12263.0,,10.6315,99.9,1.5761,1.9833,1.0257,0.9948,,5.0987,5.9476,916.1,17.22,,0.032035398230088497,-0.0003260780957039522,,-0.007023639403364146,-0.036737055250216866,0.038410857820529776,-0.0029158916092705267,0.038473220613546744,-0.04428859640695548,,-0.021381547379128896,-0.03521663665709596,,-0.13030303030303036
2008-04-30,,1127.75,12820.0,,10.4845,103.93,1.5619,1.9875,1.0061,1.0349,,5.0835,5.9733,877.43,16.86,,-0.03297033098953872,0.04542118568050224,,-0.01382683534778728,0.0403403403403404,-0.009009580610367385,0.0021176826501285717,-0.019108901238178877,0.04030960997185362,,-0.0029811520583677975,0.00432107068397336,-0.042211548957537426,-0.020905923344947674
2008-05-31,,1177.87,12638.0,,10.318,105.5,1.5554,1.9822,0.9933,1.042,,5.1013,6.0007,886.4,16.86,,0.0444424739525604,-0.014196567862714504,,-0.015880585626400934,0.015106321562590175,-0.004161598053652682,-0.002666666666666706,-0.012722393400258492,0.006860566238283905,,0.0035015245401790462,0.004587079168968611,0.010223037735203944,0.0
2008-06-30,,1241.97,11350.0,,10.2976,106.08,1.5753,1.9935,1.0206,1.0208,,5.0855,6.012,925.35,17.39,,0.05442026709229375,-0.10191485994619398,,-0.001977127350261676,0.005497630331753545,0.012794136556512736,0.005700736555342534,0.02748414376321362,-0.020345489443378217,,-0.0030972497206595007,0.0018831136367423174,0.04394178700361007,0.031435349940688084
2008-07-31,,1271.62,11378.0,,10.0265,107.83,1.5597,1.9833,1.023,1.0473,,5.1483,6.0473,913.7,17.71,,0.023873362480575144,0.0024669603524229977,,-0.026326522684897324,0.016496983408748056,-0.009902875642734621,-0.00511662904439425,0.0023515579071133885,0.02596003134796243,,0.012348834922819796,0.005871590153027295,-0.012589830874804142,0.01840138010350767
2008-08-31,,1225.06,11543.0,,10.282,108.79,1.4678,1.821,1.0639,1.1013,,5.4172,6.4486,830.85,13.6,,-0.03661471194224686,0.014501669889259938,,0.02548247145065563,0.008902902717240258,-0.05892158748477272,-0.08183330812282563,0.039980449657869066,0.051561157261529766,,0.05223083347901247,0.06636019380550007,-0.09067527634891104,-0.23207227555053644
2008-09-30,,1212.45,10851.0,,10.9265,105.99,1.4115,1.7835,1.0629,1.1204,,5.8547,6.9028,871.5,12.01,,-0.01029337338579328,-0.059949753097115144,,0.06268235751799267,-0.025737659711370653,-0.03835672434936643,-0.020593080724876422,-0.0009399379640945282,0.017343139925542594,,0.08076127888946316,0.07043389262785715,0.048925798880664395,-0.11691176470588238
2008-10-31,,1222.38,9325.0,,12.8159,98.46,1.2727,1.6075,1.2123,1.159,,6.7233,7.7663,724.2,9.84,,0.008190028454781784,-0.14063219979725372,,0.17291905001601604,-0.07104443815454287,-0.09833510449876026,-0.09868236613400627,0.14055884843353095,0.034451981435201784,,0.14835943771670612,0.1250941646867938,-0.16901893287435454,-0.18068276436303077
2008-11-30,,1180.46,8829.0,,13.4547,95.52,1.269,1.5369,1.2394,1.2134,,7.0094,8.0959,817.93,10.28,,-0.034293754806197785,-0.05319034852546922,,0.049844333991370116,-0.029859841560024303,-0.002907205154396242,-0.04391912908242612,0.02235420275509381,0.04693701466781719,,0.04255350794996504,0.04243977183472181,0.1294255730461198,0.04471544715447151
2008-12-31,,1206.65,8776.0,,13.8101,90.86,1.3936,1.4537,1.2184,1.0708,,6.9668,7.8687,874.38,11.19,,0.02218626637073684,-0.006002944840865276,,0.026414561454361607,-0.04878559463986598,0.09818754925137907,-0.05413494697117571,-0.016943682426980855,-0.11752101532882808,,-0.006077553000256808,-0.028063587741943508,0.06901568593889462,0.08852140077821025
2009-01-31,,1787.71,8001.0,,14.3263,89.9,1.2812,1.4539,1.2293,1.1617,,6.9054,8.3331,927.0,12.66,,0.48154808768076895,-0.08830902461257972,,0.03737844041679628,-0.010565705480959697,-0.08065442020665903,0.00013757996835650488,0.008946158896914191,0.08488980201718332,,-0.0088132284549578,0.05901864348621766,0.060179784533040515,0.13136729222520116
2009-02-28,,1790.82,7063.0,,15.248,97.565,1.2666,1.43145,1.2758,1.16827,,7.0405,9.00972,941.72,13.11,,0.001739655760721659,-0.11723534558180226,,0.06433622079671641,0.08526140155728568,-0.011395566656259737,-0.015441227044501016,0.03782640527129266,0.005655504863562033,,0.01956439887624173,0.08119667350685811,0.01587918015102474,0.03554502369668233
2009-03-31,,1782.91,7609.0,,14.1472,98.881,1.32426,1.43231,1.2628,1.13897,,6.74184,8.25225,918.9,12.96,,-0.0044169709965266035,0.07730426164519333,,-0.07219307450157397,0.013488443601701539,0.04552344860255797,0.0006007894093402744,-0.010189684903589957,-0.02507981887748545,,-0.04242028265037989,-0.08407253499553813,-0.024232255872233877,-0.011441647597253857
2009-04-30,,1791.91,8169.0,,13.8005,98.544,1.32236,1.47781,1.19402,1.14102,,6.5576,8.0604,888.1,12.36,,0.005047927264976826,0.07359705611775524,,-0.02450661615019223,-0.003408137053630189,-0.0014347635660670877,0.03176686611138657,-0.05446626544187505,0.0017998718140073144,,-0.027327851150427795,-0.023248205034990477,-0.03351833714223518,-0.04629629629629639
2009-05-31,,1721.09,8500.0,,13.136,95.3,1.41597,1.6188,1.0908,1.0667,,6.28534,7.5389,976.25,15.73,,-0.03952207421131648,0.04051903537764723,,-0.04815042933227054,-0.03291930508199381,0.07079010254393658,0.0954046866647269,-0.08644746319157137,-0.06513470403673904,,-0.0415182383798951,-0.06469902238102321,0.09925684044589578,0.27265372168284796
2009-06-30,,1730.76,8447.0,,13.1665,96.303,1.40352,1.6464,1.1622,1.08581,,6.43678,7.70493,926.28,13.58,,0.005618532441650448,-0.006235294117647006,,0.0023218635809987287,0.010524658971668321,-0.008792559164388924,0.017049666419570064,0.06545654565456527,0.017915065154213927,,0.024094161970553696,0.02202310681929731,-0.0511856594110115,-0.13668150031786397
2009-07-31,,1783.65,9172.0,,13.17983,94.67,1.42561,1.6712,1.0775,1.0684,,6.1129,7.18576,953.5,13.91,,0.030558829647091557,0.08582928850479465,,0.0010124178787074278,-0.01695689646220777,0.015738999088007244,0.015063168124392678,-0.07287902254345213,-0.0160341127821626,,-0.050317084007842405,-0.06738153364144772,0.029386362654920894,0.024300441826214936
2009-08-31,,1772.73,9496.0,,13.3441,92.98,1.43311,1.6286,1.09441,1.0592,,6.0072,7.11521,951.1,14.89,,-0.0061222773526197205,0.035324901875272596,,0.012463741945078155,-0.017851484102672455,0.005260905857843445,-0.025490665390138778,0.01569373549884001,-0.00861100711344076,,-0.01729130200068707,-0.009818028990670413,-0.0025170424750917686,0.07045291157440703
2009-09-30,,1789.7,9712.0,,13.5,89.71,1.46368,1.6006,1.0693,1.0357,,5.76754,6.96143,1007.38,16.63,,0.009572805785426963,0.022746419545071506,,0.011683065924266156,-0.03516885351688548,0.02133123068012921,-0.0171926808301609,-0.022943869299440034,-0.022186555891238524,,-0.03989545878279399,-0.021612854715461705,0.05917358847650078,0.11685695097380777
2009-10-31,,1799.37,9713.0,,13.19061,90.081,1.47185,1.64488,1.0845,1.0262,,5.72201,7.09108,1044.98,16.3,,0.005403140191093447,0.00010296540362442208,,-0.022917777777777815,0.004135547876491064,0.0055818211630958015,0.027664625765337902,0.014214906948471162,-0.009172540310900867,,-0.007894180187740352,0.018624047070788574,0.03732454485894099,-0.019843656043295188
2009-11-30,,1792.06,10345.0,,12.91246,86.327,1.50075,1.64468,1.05608,1.00499,,5.67305,6.96992,1179.15,18.47,,-0.00406253299766024,0.06506743539586113,,-0.02108697020077166,-0.04167360486673111,0.019635153038692676,-0.00012158941685713742,-0.02620562471184884,-0.02066848567530688,,-0.008556433840556044,-0.01708625484411397,0.12839480181438878,0.13312883435582812
2009-12-31,,1773.14,10429.0,,13.06861,93.129,1.43306,1.61443,1.04563,1.03454,,5.78551,7.15002,1098.15,16.92,,-0.010557682220461273,0.008119864668922228,,0.012092970665543268,0.07879342500028974,-0.045104114609362034,-0.01839263564948801,-0.00989508370577974,0.029403277644553638,,0.01982355170499117,0.02583960791515527,-0.06869355043887548,-0.08391987005955592
2010-01-31,,2162.83,10067.0,,13.08471,90.255,1.38611,1.59827,1.0703,1.06052,,5.92379,7.3855,1080.59,16.19,,0.2197739603189821,-0.03471090229168661,,0.0012319596345746753,-0.03086041941822648,-0.0327620616024451,-0.010009724794509456,0.023593431711025792,0.025112610435555904,,0.023901090828639227,0.03293417361070339,-0.015990529526931807,-0.04314420803782504
2010-02-28,,2185.3,10325.0,,12.76171,88.956,1.3631,1.52351,1.05156,1.07327,,5.90481,7.11725,1117.3,16.46,,0.01038916604633755,0.025628290453958424,,-0.02468530062951324,-0.014392554429117466,-0.0166004141085484,-0.046775576091649174,-0.017509109595440497,0.01202240410364741,,-0.003204029852510004,-0.03632116985986056,0.03397218186361162,0.016676961087090714
2010-03-31,,2191.17,10856.0,,12.35506,93.443,1.35062,1.51769,1.01572,1.05387,,5.94087,7.21564,1112.83,17.46,,0.002686130050793878,0.05142857142857138,,-0.031864851967330465,0.05044066729619123,-0.009155601203139963,-0.003820125893495896,-0.034082696184716155,-0.018075600734204667,,0.006106885742301671,0.01382415961220973,-0.004000716011814176,0.06075334143377886
2010-04-30,,2187.8,11008.0,,12.29925,93.838,1.32936,1.52708,1.01775,1.07745,,5.90095,7.24756,1178.55,18.64,,-0.0015379911188998507,0.014001473839351464,,-0.004517177577445963,0.004227175925430426,-0.01574091898535479,0.0061870342428296254,0.0019985822864567737,0.02237467619345823,,-0.006719554543358153,0.004423724021708431,0.05905663937888095,0.06758304696449025
2010-05-31,,2186.71,10137.0,,12.914,91.161,1.2308,1.45361,1.04313,1.1551,,6.45217,7.80686,1215.9,18.56,,-0.0004982173873298024,-0.07912427325581395,,0.04998272252373104,-0.028527888488671937,-0.07414094000120375,-0.0481114283469104,0.02493736182756079,0.07206830943431242,,0.09341207771629989,0.07717079955184913,0.03169148529973276,-0.0042918454935623185
2010-06-30,,2189.81,9774.0,,12.9266,88.4,1.22302,1.49393,1.06295,1.0777,,6.51095,7.77734,1242.05,18.6,,0.0014176548330597782,-0.03580941106836344,,0.0009756853027722556,-0.03028707451651469,-0.006321091972700588,0.02773783889764103,0.019000508086240542,-0.06700718552506268,,0.009110113341713078,-0.0037812897887243846,0.02150670285385292,0.0021551724137931494
2010-07-31,,2189.35,10466.0,,12.63025,86.458,1.30504,1.56878,1.02945,1.04101,,6.07155,7.20564,1180.75,17.99,,-0.00021006388682121013,0.07080008184980557,,-0.02292559528414284,-0.02196832579185526,0.06706349855276272,0.05010274912479162,-0.031516063784750026,-0.03404472487705312,,-0.0674863115213602,-0.0735084231883909,-0.04935389074513907,-0.03279569892473133
2010-08-31,,2200.6,10014.0,,13.20768,84.169,1.26889,1.5349,1.06435,1.01423,,6.28808,7.37619,1247.2,19.33,,0.005138511430333281,-0.043187464169692324,,0.04571801824983668,-0.026475282796271093,-0.027700300373934783,-0.021596399750124395,0.03390159794064784,-0.02572501705074881,,0.03566305144485349,0.023668959315203075,0.05627778954054641,0.07448582545858806
2010-09-30,,2201.57,10788.0,,12.58325,83.489,1.36283,1.57104,1.02981,0.98338,,5.87459,6.74159,1308.05,21.73,,0.0004407888757613776,0.07729179149191134,,-0.04727779594902359,-0.008078983948959784,0.07403321012853747,0.02354550785067433,-0.03245173110349042,-0.030417163759699384,,-0.06575775117364913,-0.086033575599327,0.04878928800513149,0.12415933781686506
2010-10-31,,2215.34,11118.0,,12.3415,80.389,1.39459,1.60384,1.01922,0.98218,,5.8441,6.66573,1358.9,24.74,,0.006254627379551847,0.03058954393770863,,-0.01921204776190566,-0.03713063996454635,0.02330444736320736,0.02087788980547911,-0.010283450345209166,-0.0012202810714068146,,-0.005190149440216341,-0.011252538347778507,0.03887466075455848,0.1385181776346065
2010-11-30,,2173.11,11006.0,,12.481,83.659,1.29811,1.55568,1.02544,1.00356,,6.20676,7.02927,1386.0,28.07,,-0.019062536676085817,-0.010073754272351132,,0.011303326175910566,0.040677207080570765,-0.06918162327278976,-0.0300279329608939,0.006102705990855606,0.021767904050174147,,0.06205574853270823,0.05453866268210694,0.019942600632864682,0.13459983831851252
2010-12-31,,2137.95,11577.0,,12.3101,81.126,1.33827,1.56092,0.99785,0.93432,,5.8012,6.72056,1418.22,30.88,,-0.016179576735646295,0.051880792295111666,,-0.013692813075875332,-0.030277674846699076,0.03093728574620025,0.0033683019644143997,-0.026905523482602445,-0.0689943800071744,,-0.06534165973873651,-0.04391778947173752,0.023246753246753293,0.10010687566797283
2011-01-31,,2309.2,11892.0,,12.1125,82.055,1.36908,1.6011,1.00058,0.94414,,5.7751,6.44438,1332.65,28.06,,0.08010009588624611,0.027209121534076175,,-0.016051859854915862,0.011451322633927452,0.02302226008204622,0.02574122953130198,0.0027358821466152428,0.010510317664183422,,-0.004499069158105162,-0.04109478971990432,-0.06033619607677221,-0.09132124352331605
2011-02-28,,2302.04,12226.0,,12.0994,81.764,1.38088,1.62644,0.97146,0.92851,,5.59027,6.31363,1410.68,33.87,,-0.0031006409146023817,0.028086108308106317,,-0.0010815273477813303,-0.0035464018036683864,0.008618926578432218,0.015826619199300618,-0.02910312019028971,-0.01655474823649039,,-0.0320046406122837,-0.020288995993408165,0.058552508160432115,0.2070563079116179
2011-03-31,,2367.71,12320.0,,11.894,83.171,1.41736,1.60388,0.96974,0.91805,,5.52804,6.3102,1431.85,37.65,,0.02852687181803959,0.0076885326353672845,,-0.016976048399094057,0.01720806222787541,0.02641793638838985,-0.013870785273357833,-0.0017705309534102875,-0.01126536063154937,,-0.011131841574736234,-0.0005432690860883715,0.015006947004281512,0.11160318866253327
2011-04-30,,2356.32,12810.0,,11.4906,81.181,1.48062,1.6703,0.94487,0.86503,,5.242,6.03749,1562.9,47.89,,-0.004810555346727363,0.03977272727272729,,-0.0339162602993105,-0.023926609034399138,0.04463227408703507,0.04141207571638761,-0.025646049456555464,-0.05775284570557171,,-0.05174347508339305,-0.043217330670977105,0.09152495023920126,0.2719787516600267
2011-05-31,,2326.95,12569.0,,11.6349,81.499,1.43945,1.645,0.96825,0.85382,,5.35234,6.16556,1535.45,38.49,,-0.012464351191688872,-0.01881342701014832,,0.012558090961307444,0.00391717273746317,-0.02780591914198116,-0.015146979584505726,0.024744144697154136,-0.012959088124111284,,0.021049217855780178,0.021212457494753645,-0.01756350374304183,-0.19628314888285647
2011-06-30,1313.6,2321.49,12414.0,,,80.558,1.44906,1.60403,0.96378,0.84128,,5.35953,6.32628,1499.61,34.67,,-0.0023464191323406824,-0.012331927758771566,,0.0,-0.011546153940539039,0.006676161033728256,-0.02490577507598779,-0.004616576297443942,-0.014686936356609115,,0.001343337680341783,0.02606738074075987,-0.023341691360838968,-0.09924655754741496
2011-07-31,1304.6,2320.54,12143.0,,11.65001,76.768,1.43945,1.64192,0.95512,0.78552,,5.3726,6.2733,1626.65,39.87,-0.006851400730816026,-0.0004092199406414698,-0.021830191719026892,,0.0012986789744646732,-0.04704684823357097,-0.006631885498185164,0.02362175271036082,-0.008985453111705954,-0.06627995435526823,,0.0024386466723760325,-0.008374589806331656,0.08471535932675844,0.14998557830977788
2011-08-31,1216.8,2282.59,11613.0,,12.3488,76.732,1.43725,1.62477,0.97804,0.80668,,5.33812,6.3399,1825.75,41.55,-0.0673003219377587,-0.016353952097356572,-0.043646545334760756,,0.05998192276229819,-0.00046894539391417744,-0.0015283615269721107,-0.010445088676671266,0.02399698467208311,0.02693757001731334,,-0.0064177493206268865,0.010616421978862922,0.12239879506962148,0.04213694507148236
2011-09-30,1128.0,2318.68,10913.0,,12.31837,76.989,1.33846,1.55793,1.04999,0.90766,,5.8604,6.86617,1623.5,29.9,-0.07297830374753445,0.015810986642366576,-0.060277275467148894,,-0.002464207048458178,0.00334931971016017,-0.06873543224908674,-0.04113813031998381,0.07356549834362602,0.12517974909505636,,0.097839688879231,0.08300919572863918,-0.11077639326304256,-0.28038507821901326
2011-10-31,1247.2,2312.07,11955.0,,,78.172,1.38594,1.60778,0.9996,0.87638,,5.55084,6.50045,1714.55,34.27,0.10567375886524832,-0.002850759915123957,0.09548245212132311,,0.0,0.015365831482419434,0.035473603992648206,0.03199758654111551,-0.047990933246983225,-0.03446224357138128,,-0.05282233294655658,-0.05326404676843133,0.056082537727132786,0.1461538461538463
2011-11-30,1243.4,2355.78,12045.0,,,77.575,1.34392,1.56948,1.01869,0.91384,,5.769,6.76153,1745.9,32.78,-0.003046824887748545,0.018905136955196022,0.007528230865746499,,0.0,-0.007637005577444511,-0.03031877281844808,-0.023821667143514635,0.01909763905562234,0.042744015153243886,,0.039302159673130665,0.04016337330492492,0.018284681111661927,-0.0434782608695653
2011-12-31,1260.3,2292.24,12217.0,,13.91891,76.885,1.29565,1.55366,1.02087,0.93822,,5.9686,6.87463,1564.73,27.82,0.013591764516647897,-0.026971958332272283,0.014279784142797736,,0.12993115160528546,-0.008894618111504937,-0.03591731650693497,-0.010079771644111446,0.002140003337619767,0.02667863083253086,,0.03459871728202457,0.01672698338985401,-0.10376882982988722,-0.15131177547284935
2012-01-31,1310.0,2687.52,12633.0,,13.03286,76.293,1.30879,1.57645,1.002,0.91974,,5.8607,6.79608,1737.45,33.12,0.039435055145600195,0.17244267615956455,0.03405091266268312,,-0.063658001955613,-0.007699811406646329,0.010141627754408855,0.014668589009178223,-0.01848423403567545,-0.019696872801688303,,-0.01807794122574824,-0.011426069475739098,0.11038326100988671,0.19051042415528396
2012-02-29,1363.2,2656.28,12952.0,,12.84978,81.276,1.33232,1.59198,0.98899,0.90436,,5.5856,6.61283,1696.5,34.64,0.04061068702290083,-0.01162409954158472,0.025251325892503784,,-0.014047568990996462,0.06531398686642276,0.0179784380993131,0.009851248057344053,-0.012984031936127738,-0.016722117120055557,,-0.046939785349872754,-0.026964073407022893,-0.023569023569023573,0.04589371980676349
2012-03-31,1408.4,2671.84,13212.0,,12.79963,82.848,1.33408,1.60061,0.99854,0.90196,,5.67727,6.6099,1667.84,32.22,0.03315727699530524,0.005857816194075882,0.02007411982705376,,-0.003902790553612645,0.019341503026723883,0.0013210039630118242,0.005420922373396753,0.009656316039595936,-0.002653810429475101,,0.016411844743626336,-0.0004430780770109388,-0.016893604479811475,-0.06986143187066984
2012-04-30,1399.2,2667.89,13213.0,,13.01835,79.821,1.32417,1.62357,0.98683,0.90708,,5.71922,6.71932,1664.1,31.01,-0.00653223516046586,-0.0014783819390383757,7.56887677868523e-05,,0.017087993949824964,-0.03653679026651213,-0.007428340129527311,0.014344531147499895,-0.01172712159753242,0.005676526675240545,,0.007389114838646016,0.016553956943372805,-0.002242421335379885,-0.03755431409062682
2012-05-31,1307.9,2637.89,12393.0,,14.34363,78.364,1.23597,1.54027,1.03276,0.9716,,6.11106,7.27101,1560.1,27.68,-0.06525157232704404,-0.011244841428994401,-0.062060092333308114,,0.1018009194713616,-0.01825334185239469,-0.06660776184326789,-0.051306688347284024,0.046542970927109906,0.07112933809586819,,0.06851283916338247,0.08210503443800876,-0.06249624421609279,-0.10738471460819099
2012-06-30,1364.2,2656.3,12880.0,,13.3734,79.785,1.26655,1.5704,1.0164,0.94822,,5.94156,6.91809,1597.0,27.47,0.043046104442235666,0.006979062811565351,0.03929637698700872,,-0.06764187308233682,0.018133326527487004,0.024741700850344328,0.019561505450343075,-0.01584104729075475,-0.02406340057636891,,-0.027736595615163395,-0.04853796102604724,0.023652329978847586,-0.007586705202312194
2012-07-31,1377.2,2640.54,13009.0,,13.34045,78.111,1.23023,1.56761,1.00297,0.97648,,6.0314,6.79834,1614.12,27.97,0.00952939451693302,-0.005933064789368725,0.010015527950310465,,-0.0024638461423421854,-0.020981387478849367,-0.028676325451028495,-0.0017766174223128317,-0.013213301849665515,0.029803210225475274,,0.015120608055796847,-0.01730969096961743,0.010720100187852077,0.018201674554058966
2012-08-31,1406.3,2572.57,13091.0,,13.18835,78.374,1.25768,1.58634,0.98563,0.9544,,5.7958,6.62171,1691.15,31.67,0.021129828637815873,-0.02574094692752238,0.006303328464908997,,-0.011401414495013307,0.0033670033670032407,0.022312900839680294,0.011948124852482422,-0.017288652701476503,-0.022611830247419307,,-0.03906224093908539,-0.02598134250419948,0.04772259807201462,0.13228459063282094
2012-09-30,1436.7,2584.1,13437.0,,12.85105,77.915,1.28573,1.61651,0.98355,0.93948,,5.723,6.56168,1771.95,34.46,0.02161700917300724,0.0044818994235336085,0.026430372011305492,,-0.025575602709967393,-0.0058565340546608,0.022302970548947476,0.01901862148089295,-0.0021103253756480367,-0.01563285834031858,,-0.012560819904068432,-0.009065634103577525,0.04777813913609075,0.08809598989580048
2012-10-31,1406.7,2647.57,13096.0,,13.03525,79.794,1.29559,1.61295,1.0,0.93158,,5.6988,6.63189,1720.38,32.23,-0.020881186051367684,0.024561742966603628,-0.02537768847212918,,0.014333459133689441,0.02411602387216827,0.007668795159170294,-0.0022022752720365357,0.016725128361547492,-0.008408907054966552,,-0.0042285514590248985,0.010700003657599932,-0.029103530009311762,-0.06471271038885673
2012-11-30,1416.7,2682.07,13026.0,,12.9649,82.451,1.29847,1.601,0.99401,0.92761,,5.6707,6.65702,1714.53,33.41,0.007108836283500342,0.01303081693779573,-0.005345143555284038,,-0.005396904547285253,0.03329824297566231,0.002222925462530556,-0.007408785145230912,-0.005990000000000051,-0.0042615771055625196,,-0.0049308626377483344,0.0037892667097916277,-0.0034004115369861143,0.036611852311511095
2012-12-31,1427.9,2674.57,13104.0,,12.9224,86.607,1.3196,1.62412,0.99468,0.91456,,5.5557,6.50075,1675.76,30.27,0.007905696336556911,-0.0027963475971917173,0.0059880239520957446,,-0.0032780815895224746,0.05040569550399643,0.01627299822098327,0.014440974391005668,0.0006740374845324304,-0.014068412371578631,,-0.02027968328425067,-0.023474467554551404,-0.022612611036260666,-0.09398383717449854
2013-01-31,1501.9,3379.76,13860.0,,12.68544,91.688,1.35776,1.5857,0.99697,0.90996,,5.4631,6.35416,1663.28,31.43,0.051824357448000624,0.2636648134092583,0.05769230769230771,,-0.01833715099362343,0.05866731326567143,0.028917853895119805,-0.023655887495997785,0.002302247959142578,-0.00502974107767673,,-0.016667566643267295,-0.0225497058031765,-0.007447367164749141,0.038321770730095794
2013-02-28,1510.0,3481.15,14054.0,,12.77567,92.545,1.30554,1.51625,1.03044,0.93659,,5.7357,6.45538,1579.35,28.51,0.005393168653039515,0.02999917153880749,0.013997113997114008,,0.007112879017203921,0.009346915626908592,-0.03846040537355655,-0.043797691871097943,0.033571722318625374,0.02926502263835773,,0.04989840932803724,0.015929721631183336,-0.05046053580876342,-0.0929048679605472
2013-03-31,1569.0,3479.34,14578.0,,12.31321,94.213,1.28165,1.51903,1.01748,0.9491,,5.8447,6.52337,1596.65,28.32,0.03907284768211916,-0.0005199431222440154,0.03728475878753379,,-0.036198492916614144,0.01802366416337997,-0.018298941434195748,0.001833470733717979,-0.012577151508093687,0.013356965160849388,,0.0190037833220007,0.01053230018991913,0.010953873428942495,-0.006664328305857614
2013-04-30,1597.3,3483.01,14840.0,,12.13586,97.418,1.31661,1.55306,1.00713,0.92898,,5.7658,6.4844,1476.1,24.32,0.018036966220522643,0.001054797748998304,0.017972287007820054,,-0.014403230351792917,0.034018659845244326,0.027277337806733692,0.02240245419774456,-0.010172190116758961,-0.021199030660625895,,-0.013499409721628108,-0.005973906125208317,-0.07550183196066773,-0.14124293785310738
2013-05-31,1628.7,3477.73,15115.0,,12.79269,100.451,1.2995,1.5195,1.03699,0.9548,,5.8682,6.61141,1387.35,22.3,0.01965817316721985,-0.0015159301868212793,0.018530997304582186,,0.05412306997608751,0.0311338766962983,-0.01299549600868899,-0.02160895264832008,0.029648605443190146,0.027793924519365243,,0.0177598945506261,0.019587008821170926,-0.06012465280130075,-0.08305921052631582
2013-06-30,1605.0,3504.26,14910.0,,12.93458,99.117,1.3008,1.52091,1.05154,0.94447,,6.0657,6.69463,1234.07,19.66,-0.014551482777675484,0.0076285393058115325,-0.013562686073437025,,0.01109149053092029,-0.013280106718698614,0.0010003847633703877,0.0009279368213226391,0.014030993548635795,-0.01081901968998733,,0.033655976278927024,0.012587330085412907,-0.11048401629004934,-0.11838565022421532
2013-07-31,1689.7,3321.41,15500.0,,12.74477,97.865,1.33011,1.52055,1.0275,0.9259,,5.8897,6.51572,1324.69,19.83,0.052772585669782046,-0.05217934742285113,0.039570757880617036,,-0.014674616415840336,-0.012631536467003768,0.022532287822878194,-0.00023670039647305519,-0.02286170759077144,-0.019661820915434114,,-0.029015612377796374,-0.026724404485386044,0.07343181505101026,0.008646998982705822
2013-08-31,1634.7,3366.84,14810.0,,13.36289,98.164,1.32211,1.5502,1.05358,0.92973,,6.1089,6.61251,1394.73,23.51,-0.032550156832573784,0.013677925941091296,-0.0445161290322581,,0.04849989446651448,0.0030552291421857003,-0.006014540150814596,0.019499523198842406,0.02538199513381989,0.004136515822443121,,0.03721751532336115,0.01485484336343501,0.05287274758622762,0.18557740796772593
2013-09-30,1684.1,3516.17,15130.0,,13.09159,98.204,1.35246,1.61847,1.0307,0.90462,,6.0102,6.42071,1328.85,21.67,0.030219612161252796,0.044353162015420944,0.02160702228224176,,-0.02030249444543808,0.00040748135772772365,0.022955729856063423,0.04403947877693204,-0.02171643349342245,-0.027007840986092657,,-0.016156754898590586,-0.0290056272126622,-0.047234948699748425,-0.07826456826882178
2013-10-31,1759.6,3514.2,15546.0,,13.01767,98.354,1.35875,1.60356,1.04342,0.90661,,5.9385,6.47627,1322.86,21.9,0.044831067038774375,-0.0005602687014565344,0.02749504296100458,,-0.00564637297685,0.0015274326911327574,0.004650784496398996,-0.009212404307772148,0.012341127389153161,0.002199818708408019,,-0.011929719476889256,0.008653248628267107,-0.0045076569966512325,0.01061375173050294
2013-11-30,1805.2,3468.99,16086.0,,13.09589,102.434,1.35901,1.63668,1.06134,0.90608,,6.1228,6.53199,1251.66,19.97,0.025914980677426813,-0.012864947925559145,0.03473562331146285,,0.0060087557911669975,0.04148280700327378,0.00019135234590628158,0.0206540447504302,0.01717429223131628,-0.0005845953607395149,,0.03103477309084779,0.008603717880817152,-0.05382277792056589,-0.08812785388127853
2013-12-31,1840.6,3460.29,16576.0,,13.08711,105.245,1.37772,1.65647,1.06287,0.89026,,6.064,6.4185,1202.32,19.39,0.019610015510746592,-0.002507934586147509,0.030461270670147922,,-0.0006704393515829521,0.027442060253431544,0.01376737478017076,0.012091551188992522,0.001441573859460643,-0.01745982694684789,,-0.009603449402234232,-0.01737449077539932,-0.03941965070386533,-0.029043565348021994
2014-01-31,1783.2,4287.81,15699.0,,13.35179,101.993,1.34844,1.6438,1.11265,0.90573,,6.2711,6.54317,1243.78,19.15,-0.031185482994675606,0.23914758589597995,-0.05290781853281856,,0.020224480423867375,-0.030899330134448233,-0.0212525041372702,-0.007648795329827984,0.04683545494745345,0.017376946060701393,,0.034152374670184615,0.019423541325854998,0.03448333222436628,-0.012377514182568383
2014-02-28,1862.5,4305.96,16321.0,,13.24699,101.78,1.38013,1.67414,1.10626,0.88017,,5.9984,6.39695,1326.1,21.2,0.04447061462539259,0.004232930097182397,0.039620357984585075,,-0.00784913483510441,-0.0020883786142185112,0.023501231052178717,0.01845723324005366,-0.005743045881454134,-0.02822033056208806,,-0.043485193985106196,-0.022346966378681832,0.06618533824309769,0.10704960835509136
2014-03-31,1871.5,4312.93,16457.0,,13.05599,103.216,1.37686,1.66605,1.10483,0.8845,,5.9858,6.46637,1283.7,19.75,0.004832214765100762,0.0016186866575631509,0.008332822743704504,,-0.014418369757960181,0.014108862251915877,-0.0023693420185055825,-0.0048323318241007,-0.001292643682317074,0.0049195041866911815,,-0.0021005601493732096,0.010852046678495153,-0.03197345599879331,-0.06839622641509435
2014-04-30,1885.0,4311.93,16581.0,,13.07794,102.221,1.38655,1.68727,1.09598,0.88023,,5.9468,6.49381,1291.05,19.18,0.007213465134918495,-0.00023186093908322825,0.007534787628364903,,0.001681220650444848,-0.009639978297938168,0.007037752567436106,0.01273671258365594,-0.008010282124851775,-0.004827586206896495,,-0.0065154198269238295,0.004243493644811469,0.005725636831035219,-0.02886075949367095
2014-05-31,1922.0,4311.57,16717.0,,12.85556,101.769,1.36332,1.6753,1.08436,0.89508,,5.9663,6.68397,1249.41,18.8,0.019628647214854134,-8.348929597667976e-05,0.008202159097762562,,-0.01700420708460193,-0.004421791999686953,-0.016753813421802266,-0.00709430026018365,-0.010602383255168824,0.016870590641082428,,0.0032790744602140265,0.029283271299899605,-0.032252817474148876,-0.019812304483837306
2014-06-30,1961.3,4164.08,16826.0,,12.96796,101.316,1.36912,1.71051,1.06698,0.88665,,6.1311,6.68144,1327.17,21.01,0.020447450572320447,-0.03420795673037891,0.00652030866782316,,0.008743298619430018,-0.004451257259086794,0.004254320335651096,0.021017131260072874,-0.01602788741746275,-0.009418152567368221,,0.027621809161456845,-0.0003785175576790367,0.0622373760414916,0.11755319148936172
2014-07-31,1932.6,4160.51,16564.0,,13.20361,102.782,1.33892,1.68843,1.09035,0.90863,,6.2833,6.89414,1282.39,20.38,-0.014633151481160511,-0.0008573322318494725,-0.015571139902531783,,0.018171709351355148,0.014469580322949982,-0.02205796423980355,-0.012908430818878491,0.021902941011077814,0.02478993966052001,,0.024824256658674493,0.03183445484805669,-0.033740967622836515,-0.029985721085197592
2014-08-31,2001.5,4278.34,17098.0,,13.07847,104.071,1.31311,1.65956,1.08753,0.91817,,6.192,6.98892,1287.1,19.44,0.03565145399979297,0.028321047179312053,0.03223858971262983,,-0.009477711019940771,0.012541106419412085,-0.019276730499208417,-0.01709872485089714,-0.0025863254918143674,0.010499323156840434,,-0.014530581064090442,0.013747907643302915,0.003672829638409425,-0.046123650637880154
2014-09-30,1968.9,4294.67,17042.0,,13.42661,109.639,1.26294,1.62122,1.1196,0.95487,,6.423,7.21413,1207.76,16.95,-0.016287784161878593,0.003816900947563706,-0.0032752368698093504,,0.02661932167906489,0.053501936178186105,-0.0382070047444617,-0.023102509098797186,0.029488841687125733,0.03997081150549464,,0.03730620155038755,0.03222386291444157,-0.061642452023929706,-0.12808641975308654
2014-10-31,2015.6,4224.87,17391.0,,13.47484,112.311,1.25238,1.59943,1.12645,0.96253,,6.7442,7.40383,1172.47,16.14,0.023718827771852302,-0.0162527039330147,0.02047881704025345,,0.0035921204235469517,0.02437088992055747,-0.008361442348805093,-0.013440495429368093,0.0061182565201858274,0.008022034413061485,,0.050007784524365606,0.026295617073715194,-0.029219381334039896,-0.0477876106194689
2014-11-30,2059.4,4246.48,17829.0,,13.9197,118.589,1.24513,1.56396,1.14148,0.96508,,7.0248,7.44613,1166.92,15.43,0.021730502083746828,0.005114950282493869,0.025185440745213006,,0.033014121132421526,0.05589835367862439,-0.0057889777862948355,-0.02217665043171624,0.013342802609969562,0.0026492680747614017,,0.04160612081492232,0.005713259218539601,-0.004733596595221989,-0.04399008674101612
2014-12-31,2058.3,4199.29,17823.0,,14.7372,119.881,1.21002,1.55762,1.16127,0.9936,,7.4838,7.7802,1182.57,15.59,-0.0005341361561619351,-0.0111127333697556,-0.000336530371866095,,0.05872971400245697,0.01089477101586156,-0.028197858858111213,-0.0040538121179569675,0.017337141255212574,0.029551954242135414,,0.06533993850358732,0.04486491640624046,0.01341137353031896,0.010369410239792654
2015-01-31,1997.8,4142.63,17165.0,,14.9744,117.478,1.12868,1.5064,1.27313,0.87226,,7.7217,8.2812,1283.42,17.23,-0.02939318855366091,-0.013492757108939823,-0.036918588340907776,,0.016095323399288874,-0.020044877837188557,-0.0672220293879442,-0.03288350175267396,0.0963255745864442,-0.12212157809983892,,0.03178866351318854,0.06439423151075818,0.08528036395308525,0.1051956382296344
2015-02-28,2107.3,4256.23,18132.0,,14.942,119.619,1.11936,1.54372,1.25127,0.95399,,7.6767,8.3321,1213.16,16.58,0.054810291320452675,0.02742219314783112,0.05633556655986016,,-0.002163692702211728,0.018224688877917616,-0.008257433462097286,0.02477429633563455,-0.017170281118188968,0.09369912640726374,,-0.005827732235129557,0.006146452204994546,-0.05474435492668028,-0.03772489843296589
2015-03-31,2065.8,4234.65,17776.0,,15.2616,120.12,1.07309,1.48145,1.2684,0.97227,6.2052,8.0534,8.6191,1183.28,16.65,-0.019693446590423713,-0.005070214720539035,-0.019633796602691378,,0.021389372239325244,0.004188297845659994,-0.04133612064036574,-0.04033762599435131,0.01369009086767825,0.01916162643214281,,0.04907056417471045,0.03444509787448524,-0.02462989218239975,0.0042219541616406175
2015-04-30,2088.1,4184.72,17840.0,,15.3448,119.366,1.12232,1.53509,1.20738,0.93174,6.2072,7.5217,8.3254,1184.21,16.13,0.010794849452996358,-0.011790820965132731,0.0036003600360035026,,0.0054515909210042235,-0.006277056277056325,0.04587686028198923,0.03620776941510018,-0.04810785241248827,-0.04168595143324383,0.00032231032037666196,-0.06602180445526107,-0.0340754835191609,0.0007859509160976774,-0.03123123123123117
2015-05-31,2109.5,4602.24,18010.0,,15.3735,124.147,1.09825,1.52764,1.24532,0.94016,6.2014,7.7543,8.5006,1190.46,16.73,0.010248551314592236,0.09977250568735774,0.009529147982062725,,0.001870340441061602,0.040053281503945826,-0.021446646232803457,-0.004853135646769813,0.03142341267869275,0.00903685577521629,-0.0009343987627272732,0.03092386029753902,0.021044033920292193,0.005277780123457809,0.03719776813391196
2015-06-30,2063.7,4528.51,17619.0,,15.72967,122.488,1.11451,1.57126,1.24907,0.93499,6.20593,7.83762,8.27683,1172.02,15.72,-0.021711305996681807,-0.01602045960228049,-0.021710161021654684,,0.023167788727355587,-0.013363190411367243,0.014805372183018362,0.02855384776518033,0.00301127421064451,-0.005499063989108266,0.0007304802141452349,0.01074500599667294,-0.026324024186528017,-0.015489810661425074,-0.06037059175134485
2015-07-31,2107.4,4520.08,17690.0,,16.10387,123.826,1.09825,1.56193,1.30901,0.96515,6.2207,8.16445,8.61885,1095.37,14.76,0.021175558462954935,-0.001861539446749605,0.004029740620920652,,0.02378943741349948,0.010923519038599672,-0.014589371113762906,-0.005937909703040867,0.04798770285092124,0.03225702948694642,0.0023799817271543677,0.04170015897683221,0.041322583646154376,-0.06539990785140193,-0.06106870229007644
2015-08-31,1968.8,4303.53,16528.0,,16.74374,121.212,1.1209,1.53422,1.31374,0.96713,6.4411,8.2755,8.46615,1134.74,14.61,-0.06576824523109048,-0.04790844409833461,-0.0656868287167891,,0.03973392731064007,-0.021110267633614788,0.020623719553835684,-0.01774087187005824,0.0036134177737372486,0.002051494586333913,0.035430096291414026,0.013601651060389797,-0.01771698080370343,0.03594219304892432,-0.010162601626016232
2015-09-30,1912.3,4174.75,16285.0,,16.91537,119.86,1.11748,1.51259,1.33045,0.97305,6.36179,8.5128,8.36455,1114.75,14.47,-0.028697683868346147,-0.029924271470165187,-0.01470232333010646,,0.010250398059215016,-0.011154011154011156,-0.003051119636006794,-0.014098369203895067,0.012719411755750754,0.00612120397464655,-0.01231311421962078,0.028675004531448334,-0.012000732328154018,-0.01761637026984153,-0.009582477754962238
2015-10-31,2080.0,4648.34,17664.0,,16.48858,120.602,1.10017,1.5405,1.30777,0.98741,6.31948,8.49018,8.53044,1141.9,15.53,0.08769544527532291,0.11344152344451763,0.08467915259441194,,-0.02523089947190038,0.006190555648256435,-0.015490210115617242,0.018451794603957294,-0.017046863843060533,0.01475772056934388,-0.006650643922543775,-0.0026571750775302716,0.019832507427177903,0.024355236600134722,0.07325501036627502
2015-11-30,2080.59,4666.89,17729.0,,16.57047,123.089,1.05628,1.50533,1.33613,1.02877,6.42386,8.68937,8.71922,1064.49,14.049,0.00028365384615391953,0.00399067193879965,0.003679800724637694,,0.0049664677006753255,0.02062154856470033,-0.03989383458919982,-0.022830249918857515,0.02168577043363884,0.04188736188614661,0.01651718179343864,0.0234612222591275,0.02213015975729271,-0.06779052456432266,-0.09536381197681909
2015-12-31,2062.21,4652.99,17603.0,,17.21173,120.202,1.08688,1.4738,1.38316,0.99953,6.56654,8.84468,8.45105,1060.66,13.813,-0.008834032654199131,-0.002978428889474638,-0.007106999830785665,,0.03869896267275452,-0.023454573519973376,0.028969591396220684,-0.02094557339586678,0.03519867078802208,-0.028422290696657138,0.022210944821337897,0.017873562755412742,-0.030756191494193286,-0.0035979671016166392,-0.01679834863691354
2016-01-31,1937.79,4272.74,16451.7,,18.10437,121.106,1.08289,1.4241,1.39685,1.02263,6.5934,8.6745,8.5702,1117.58,14.248,-0.06033333171694444,-0.08172164565150586,-0.06540362438220748,,0.05186230553233173,0.007520673532886324,-0.0036710584425144743,-0.03372235038675542,0.009897625726597026,0.023110862105189423,0.004090434231726281,-0.019240944839157614,0.014098839789138617,0.05366469933814777,0.03149207268515153
2016-02-29,1930.49,4199.22,16511.0,,18.12592,112.669,1.08718,1.39122,1.35367,0.99798,6.55063,8.68534,8.56098,1237.82,14.825,-0.0037671780739915173,-0.017206757256467586,0.0036044907213235167,,0.0011903203480707614,-0.06966624279556755,0.003961621217298372,-0.023088266273435853,-0.030912410065504492,-0.02410451482941034,-0.006486789820123184,0.0012496397486887467,-0.001075820867657562,0.10758961327153305,0.040496911847276884
2016-03-31,2057.74,4485.04,17686.0,,17.27054,112.549,1.1379,1.43586,1.30024,0.96151,6.46317,8.25821,8.109,1232.3,15.393,0.06591590736030728,0.06806502159924932,0.07116467809339233,,-0.047190983961090005,-0.0010650666998019975,0.04665280818263762,0.032086945271057044,-0.03947047655632452,-0.03654381851339705,-0.013351387576462148,-0.04917827051099899,-0.052795357540842414,-0.004459452909146733,0.03831365935919062
2016-04-30,2063.74,4338.78,17775.0,,17.20165,106.354,1.14421,1.45936,1.25543,0.95843,6.48151,8.03676,8.03498,1292.76,17.797,0.0029158202688386314,-0.032610634464798616,0.005032228881601375,,-0.003988873538407045,-0.05504269251614857,0.0055453027506811026,0.016366498126558326,-0.03446286839352741,-0.0032032948175265696,0.002837616835082546,-0.026815738519606613,-0.0091281292391171,0.04906272823176172,0.15617488468784502
2016-05-31,2094.67,4520.54,17780.0,,18.46244,110.707,1.11303,1.44792,1.30903,0.99358,6.585,8.3675,8.32495,1215.09,15.897,0.014987353058040442,0.04189196041283494,0.0002812939521801283,,0.07329471300718238,0.04092934915470958,-0.02725024252541053,-0.007839052735445606,0.042694534940219686,0.036674561522489935,0.015966958316812052,0.041153400126419104,0.03608845323821597,-0.06008075744917851,-0.10675956621902571
2016-06-30,2098.87,4417.86,17927.0,,18.26914,103.162,1.11041,1.33088,1.29224,0.97588,6.66352,8.35437,8.44756,1321.16,18.606,0.0020050891071146104,-0.022714100527813086,0.008267716535433012,,-0.010469905386287004,-0.06815287199544728,-0.0023539347546787104,-0.080833195204155,-0.012826291223272057,-0.0178143682441273,0.0119240698557328,-0.001569166417687562,0.014728016384482734,0.08729394530446322,0.17040951122853376
2016-07-31,2171.99,4729.85,18428.0,,18.74037,101.98,1.11671,1.32326,1.30287,0.96821,6.62754,8.40579,8.53777,1350.15,20.289,0.03483779366992712,0.07062016451404096,0.027946672616723456,,0.0257937702595743,-0.011457707295321917,0.005673580028998426,-0.005725534984371228,0.008226026125177865,-0.007859572898307077,-0.005399548586933034,0.006154862664689231,0.010678823234164803,0.021942838111962182,0.09045469203482748
2016-08-31,2168.7,4770.19,18395.0,,18.77854,103.416,1.11567,1.31357,1.3103,0.98369,6.69003,8.31848,8.55182,1308.63,18.604,-0.001514739938950016,0.008528811695931005,-0.0017907532016496752,,0.0020367794232452052,0.014081192390664743,-0.0009313071433050268,-0.007322823934827749,0.005702794599614647,0.015988267008190338,0.009428837849337901,-0.0103868880854745,0.0016456287766009048,-0.03075213865126092,-0.08304992853270254
2016-09-30,2166.75,4874.6,18310.0,,19.36973,101.322,1.12399,1.29735,1.31237,0.97118,6.67274,7.97108,8.56316,1315.35,19.139,-0.0008991561765111511,0.021888017039153773,-0.004620820875237852,,0.03148221320720368,-0.02024831747505218,0.007457402278451708,-0.012348028654734722,0.001579790887582977,-0.012717421138773277,-0.002584442820136812,-0.04176243736836527,0.0013260335226887854,0.005135141331010118,0.028757256503977757
2016-10-31,2127.24,4805.44,18155.0,,18.84476,104.761,1.0976,1.22384,1.34118,0.98895,6.77724,8.2604,9.02729,1275.14,17.86,-0.01823468328141231,-0.014187830796373202,-0.008465319497542367,,-0.027102597713029586,0.033941296066007265,-0.023478856573457163,-0.05666165645353993,0.0219526505482448,0.0182973290224262,0.015660733072171196,0.03629621080204948,0.05420078569126363,-0.03056981031664563,-0.06682689795705099
2016-11-30,2198.55,4813.6,19150.0,,20.55833,114.444,1.0587,1.25041,1.34364,1.01711,6.91396,8.52095,9.22496,1172.61,16.464,0.033522310599650496,0.001698075514417141,0.05480583861195254,,0.0909308476202404,0.09242943461784447,-0.035440962099125284,0.021710354294679046,0.0018342056994586908,0.028474644825319695,0.020173403922540745,0.03154205607476612,0.021896936954501234,-0.08040685728625896,-0.07816349384098553
2016-12-31,2240.95,4865.07,19809.0,,20.71115,116.814,1.05068,1.23245,1.34296,1.0191,6.97055,8.63693,9.0957,1149.44,15.83,0.019285438129676313,0.01069262090742873,0.034412532637075666,,0.007433483167163857,0.020708818286672814,-0.00757532823273821,-0.014363288841260036,-0.0005060879402221108,0.0019565238764733817,0.00818488970141562,0.01361115838022764,-0.014011984875815009,-0.019759340275112613,-0.038508260447035925
2017-01-31,2277.87,5115.72,19866.0,,20.81896,112.784,1.07968,1.25753,1.30285,0.98875,6.82594,8.24447,8.73939,1209.78,17.503,0.016475155625962135,0.051520327559521295,0.0028774799333635137,,0.005205408680831303,-0.034499289468727934,0.027601172573952004,0.02034970992738039,-0.02986686126169047,-0.02978117947208314,-0.020745852192438186,-0.0454397569506757,-0.039173455588904726,0.052495128062360674,0.10568540745420085
2017-02-28,2362.57,5329.91,20818.0,,20.10503,112.763,1.05754,1.23782,1.32995,1.00559,6.85127,8.39112,9.0344,1248.39,18.277,0.0371838603607757,0.04186898422900387,0.047921071176885155,,-0.03429229894288677,-0.00018619662363461575,-0.020506075874333174,-0.01567358233998406,0.02080055263460867,0.01703160556257899,0.0037108442207227643,0.017787680712040954,0.033756360569787924,0.03191489361702149,0.04422099068731078
2017-03-31,2361.05,5435.41,20652.0,,18.70548,111.264,1.06462,1.25342,1.33152,1.00005,6.86822,8.59243,8.95946,1248.7,18.242,-0.0006433671806549413,0.01979395524502281,-0.007973868767412795,,-0.06961193293419599,-0.013293367505298859,0.006694782230459273,0.012602801699762578,0.001180495507349999,-0.005509203552143349,0.0024739938726687782,0.023990837933434372,-0.00829496148056319,0.0002483198359486405,-0.0019149751053236796
2017-04-30,2382.85,5580.1,20929.5,,18.80635,111.528,1.08921,1.29246,1.36387,0.99445,6.89707,8.57673,8.84496,1268.01,17.176,0.00923318015289798,0.026619887000244757,0.013436955258570693,,0.005392537374074191,0.0023727351164797295,0.02309744321917684,0.031146782403344453,0.024295541937034315,-0.005599720013999443,0.004200506099105716,-0.0018271897472543763,-0.012779788067584397,0.015464082645951782,-0.05843657493695875
2017-05-31,2409.88,5788.15,21002.3,,18.61055,110.762,1.12424,1.28881,1.34983,0.96755,6.74489,8.43217,8.68244,1268.08,17.296,0.011343559183331076,0.03728427805953283,0.0034783439642609437,,-0.01041137700829764,-0.006868230399540987,0.03216092397242032,-0.0028240719248564528,-0.01029423625418835,-0.027050128211574154,-0.022064441857194472,-0.016854908572381366,-0.018374305819359393,5.520461195085424e-05,0.006986492780624243
2017-06-30,2421.93,5646.25,21349.2,,18.09277,112.347,1.14254,1.30222,1.29587,0.95767,6.7759,8.33578,8.41695,1241.49,16.577,0.00500024897505269,-0.02451560515881579,0.01651723858815468,,-0.027821853733500546,0.014309961900290658,0.01627766313242729,0.010404947199354364,-0.039975404310172435,-0.010211358586119545,0.004597554593180897,-0.011431221144734938,-0.03057780992439907,-0.02096870859882649,-0.04157030527289529
2017-07-31,2469.33,5879.5,21891.8,,17.78644,110.25,1.18404,1.32137,1.24782,0.96665,6.7263,7.85809,8.06591,1269.07,16.763,0.019571168448303755,0.041310604383440364,0.0254154722425195,,-0.016931072467068486,-0.018665384923495898,0.036322579515815745,0.01470565649429445,-0.03707933666185659,0.009376925245648371,-0.007320060803730821,-0.05730597496575007,-0.04170631879718889,0.022215241363200633,0.011220365566749102
2017-08-31,2469.85,5987.1,21954.25,,17.88237,109.955,1.19088,1.29282,1.24813,0.95855,6.59129,7.75817,7.93518,1320.14,17.534,0.00021058343761271026,0.018300875924823545,0.0028526662951424697,,0.005393434549016085,-0.0026757369614512916,0.005776831863788301,-0.021606363092850467,0.00024843326761869733,-0.008379454818186471,-0.02007195635044534,-0.01271555810635916,-0.016207718657907266,0.04024206702545974,0.04599415379108729
2017-09-30,2517.32,5977.0,22404.35,,18.24658,112.445,1.18124,1.33966,1.24593,0.96739,6.64184,7.95904,8.13708,1279.44,16.574,0.019219790675547133,-0.001686960297973994,0.020501725178496022,,0.020366987149913474,0.02264562775680945,-0.008094854225446646,0.03623087514116419,-0.0017626369048096002,0.009222262792759839,0.0076692119448544815,0.025891415114646987,0.025443657232728123,-0.03083006347811601,-0.054750769932702004
2017-10-31,2574.27,6247.2,23391.7,,19.15867,113.644,1.16452,1.32832,1.28898,0.99679,6.632,8.16617,8.37525,1270.61,16.675,0.022623266013061416,0.045206625397356426,0.044069566847509734,,0.049986901654994975,0.010662990795500038,-0.01415461718194444,-0.008464834360957352,0.03455250294960388,0.0303910522126547,-0.001481517169940938,0.02602449541653251,0.029269713459865176,-0.006901456887388302,0.006093881983830096
2017-11-30,2648.92,6368.37,24278.15,,18.62104,112.528,1.19028,1.3524,1.28954,0.98326,6.61066,8.31445,8.37375,1275.01,16.389,0.028998512199575055,0.019395889358432505,0.03789592034781575,,-0.028061968810987437,-0.00982014008658616,0.02212070209184902,0.0181281618887017,0.0004344520473551494,-0.013573571163434606,-0.003217732207478785,0.018157838986942565,-0.0001790991313692647,0.00346290364470625,-0.0171514242878561
2017-12-31,2677.85,6399.42,24746.45,,19.63224,112.695,1.20025,1.3503,1.25701,0.97444,6.5083,8.19749,8.17258,1302.96,16.935,0.010921432130830633,0.004875658920571624,0.01928894911679846,,0.05430416346240596,0.0014840750746478726,0.008376180394529031,-0.0015527950310558758,-0.025226049599081812,-0.008970160486544865,-0.015484081770957836,-0.014067075994202982,-0.024023884161815112,0.021921396694927875,0.03331502837268907
2018-01-31,2828.75,6955.07,26161.25,,18.59395,109.181,1.24127,1.41874,1.23132,0.93088,6.29647,7.69515,7.87452,1344.64,17.299,0.05635117725040617,0.08682818130393066,0.057171836768506124,,-0.05288698589666796,-0.031181507609033154,0.03417621328889808,0.05068503295563942,-0.020437387132958396,-0.04470259841550006,-0.03254766989843738,-0.06127973318662183,-0.03647073506775089,0.031988702646282396,0.021493947446117545
2018-02-28,2715.55,6863.12,25046.6,,18.82655,106.668,1.2193,1.37589,1.28273,0.94418,6.3293,7.89575,8.28768,1317.89,16.377,-0.0400176756517896,-0.013220571468008258,-0.04260690907353437,,0.012509445276555065,-0.02301682527179627,-0.017699614104908723,-0.030202856055372984,0.04175194100639956,0.014287555861120627,0.005214032624629272,0.026068367738120823,0.05246795995184472,-0.01989380057115664,-0.05329787849008616
2018-03-31,2644.45,6585.17,24190.8,,18.15695,106.275,1.23192,1.40161,1.28952,0.95395,6.25962,7.84107,8.33605,1324.86,16.325,-0.02618254128997821,-0.0404990733077667,-0.03416831026965739,,-0.035566792641243516,-0.0036843289458882156,0.010350200934962528,0.018693354846681,0.005293397675270706,0.010347603211251943,-0.011009116331979873,-0.006925244593610436,0.005836373991273902,0.0052887570282798,-0.003175184710264345
2018-04-30,2651.15,6615.02,24189.05,,18.7074,109.336,1.20768,1.37615,1.28413,0.99061,6.31379,8.01173,8.74394,1315.04,16.294,0.002533608122672115,0.0045329125899560285,-7.234155133351017e-05,,0.030316215003070468,0.028802634674194305,-0.019676602376777597,-0.01816482473726644,-0.004179849866617014,0.038429687090518305,0.008653879947984056,0.021764886680006645,0.048930848543374816,-0.007412103920414137,-0.0018989280245022
2018-05-31,2707.65,6973.72,24438.75,,19.90375,108.809,1.16916,1.32935,1.29552,0.98552,6.40639,8.17537,8.80778,1298.2,16.395,0.02131150632744272,0.054225081707991674,0.010322852695744622,,0.06395062916279115,-0.004820004390136856,-0.031895866454690114,-0.03400792064818514,0.00886981847632251,-0.005138248150129754,0.014666309775903219,0.02042505176784526,0.007301056503132397,-0.012805694123372624,0.006198600711918356
2018-06-30,2722.55,7050.87,24298.8,,19.90245,110.756,1.16841,1.32099,1.31332,0.99053,6.63254,8.14519,8.93915,1253.03,16.105,0.0055029268923236785,0.011062962091967998,-0.005726561301212296,,-6.531432518985802e-05,0.017893740407503023,-0.0006414861952170892,-0.006288787753413239,0.01373965666296173,0.005083610682685258,0.03530069196536578,-0.003691576038760247,0.01491522267813239,-0.03479433061161619,-0.017688319609637015
2018-07-31,2827.05,7283.57,25494.5,,18.6399,111.809,1.16897,1.31198,1.30041,0.98972,6.8014,8.15053,8.78604,1223.74,15.49,0.038383133459440666,0.03300301948553863,0.049208191351013175,,-0.06343691354581982,0.009507385604391683,0.00047928381304518375,-0.0068206420941870904,-0.009830049036030797,-0.0008177440360210841,0.025459326291285223,0.000655601649562465,-0.017128026713949307,-0.02337533818025106,-0.038186898478733355
2018-08-31,2906.25,7665.1,26009.95,,19.07694,111.103,1.16015,1.29568,1.30423,0.96882,6.84135,8.38,9.14192,1200.98,14.522,0.02801506871120063,0.0523822795689477,0.02021808625389787,,0.023446477717155023,-0.006314339632766619,-0.007545103809336484,-0.012423969877589536,0.0029375350850884274,-0.021117083619609622,0.0058737906901520365,0.028153997347411863,0.04050516501176871,-0.018598721950741193,-0.06249193027759847
2018-09-30,2916.2,7642.2,26495.95,,18.71148,113.698,1.16029,1.30301,1.29093,0.98165,6.87345,8.13964,8.88625,1192.26,14.642,0.0034236559139784184,-0.002987567024565929,0.018685157026445687,,-0.019157160425099518,0.02335670503946785,0.00012067405076932047,0.005657261052111728,-0.010197587848769119,0.013242914060403344,0.004692056392378685,-0.028682577565632528,-0.02796677284421656,-0.007260737064730516,0.008263324610935152
2018-10-31,2705.32,6949.15,25081.07,,20.30465,112.927,1.13132,1.27682,1.31579,1.00764,6.97198,8.42706,9.1523,1214.22,14.231,-0.07231328441121998,-0.09068723665960066,-0.05339985922376822,,0.08514398647247545,-0.006781121919470778,-0.024967895957045183,-0.02009961550563688,0.0192574345626797,0.026475831508175007,0.014334868224836095,0.03531114398179791,0.029939513293008924,0.018418801268179852,-0.02806993580112005
2018-11-30,2763.55,6961.15,25573.22,,20.38485,113.568,1.13159,1.27468,1.3294,0.99782,6.94015,8.589,9.10025,1222.11,14.171,0.021524255910576162,0.0017268299000596787,0.01962236858315869,,0.0039498341512904656,0.005676233318869572,0.0002386592652829922,-0.0016760389091650119,0.010343595862561505,-0.009745544043507692,-0.004565417571478991,0.019216666310670538,-0.005687095047146595,0.006497998715224496,-0.004216147846251128
2018-12-31,2496.25,6309.55,23232.57,,19.66435,109.681,1.14448,1.27397,1.36429,0.98388,6.86857,8.65857,8.87352,1280.21,15.444,-0.0967234173436341,-0.09360522327488985,-0.09152738685234008,,-0.03534487621934923,-0.034226190476190466,0.011391051529263896,-0.0005570025418144553,0.026244922521438285,-0.01397045559319321,-0.010313898114594044,0.008099895214809472,-0.0249147001456006,0.04754072873963899,0.08983134570601936
2019-01-31,2712.7,6922.55,25081.81,,19.09965,108.835,1.14455,1.31033,1.31205,0.99366,6.70666,8.42428,9.04066,1321.58,16.039,0.08671006509764645,0.09715431369907512,0.07959687628187506,,-0.02871694208046538,-0.007713277595937318,6.116314832937952e-05,0.02854070347025428,-0.03829097919064128,0.009940236614221165,-0.023572592257194658,-0.027058740646550117,0.018835817127814236,0.03231501081853749,0.03852628852628848
2019-02-28,2785.9,7102.35,25925.75,,19.27576,111.372,1.13702,1.32608,1.31703,0.99803,6.701,8.5582,9.23196,1312.69,15.595,0.02698418549784365,0.025973087951694174,0.033647491947351504,,0.009220587811818337,0.023310515918592456,-0.006579004849067371,0.012019872856456004,0.0037955870584200913,0.004397882575528866,-0.0008439372206135998,0.01589690751019668,0.02115995956047456,-0.006726796713025229,-0.02768252384812031
2019-03-31,2836.05,7383.9,25951.85,,19.42096,110.849,1.12168,1.30349,1.33502,0.99512,6.72058,8.6219,9.29035,1292.04,15.118,0.018001364011630105,0.039641808697121306,0.0010067211170361468,,0.007532776917745565,-0.004695973853392155,-0.013491407363106944,-0.01703517133204624,0.013659521802844354,-0.0029157440157109304,0.00292195194747058,0.0074431539342385555,0.006324767438333767,-0.015731056075691918,-0.03058672651490868
2019-04-30,2952.9,7837.0,26658.57,,18.92535,111.407,1.1214,1.30287,1.33872,1.01898,6.7346,8.62805,9.49035,1283.2,14.934,0.0412016713386576,0.06136323623017659,0.027231969975165526,,-0.025519335810382127,0.005033874910914893,-0.00024962556165752936,-0.00047564614995132537,0.0027714940600138682,0.02397700779805456,0.002086129470968423,0.0007132998527006329,0.021527714241120988,-0.006841893439831548,-0.012170922079640212
2019-05-31,2751.45,7131.2,24799.35,,19.6093,108.279,1.11681,1.26315,1.35176,1.00063,6.93404,8.74945,9.49278,1305.37,14.564,-0.06822107081174444,-0.09005997192803372,-0.06974192539209723,,0.03613935805678614,-0.028077230335616266,-0.004093097913322463,-0.03048654125123762,0.009740647782956913,-0.018008204282714213,0.029614230986250156,0.014070386703832316,0.00025604956613833885,0.017277119700747967,-0.0247756796571581
2019-06-30,2949.45,7695.48,26648.11,,19.2146,107.821,1.1369,1.2698,1.30941,0.97616,6.86518,8.5242,9.28273,1409.61,15.307,0.07196205637027742,0.0791283374467131,0.07454872809166369,,-0.02012820447440755,-0.004229813721958964,0.017988735774213893,0.0052646162371847716,-0.03132952595135241,-0.024454593606028086,-0.009930718599835187,-0.025744475367022956,-0.02212734309654274,0.07985475382458618,0.0510162043394673
2019-07-31,2972.3,7828.4,26829.25,,19.1418,108.754,1.10754,1.21583,1.3189,0.99383,6.90683,8.84821,9.6565,1412.31,16.232,0.007747207106409748,0.017272476830554995,0.006797480196531813,,-0.0037887856109417584,0.008653230817744273,-0.025824610783710122,-0.042502756339581116,0.007247538967932066,0.018101540731027654,0.0060668474825134044,0.03801060510077181,0.04026509442803983,0.001915423414987183,0.06042986868752842
2019-08-31,2922.25,7669.6,26389.45,,20.05225,106.278,1.09825,1.21594,1.33109,0.98999,7.15949,9.11794,9.81305,1520.25,18.362,-0.016838811694647293,-0.020285115732461168,-0.01639255663128858,,0.04756344753366992,-0.022766978685841432,-0.008387958899904291,9.04731747037868e-05,0.00924255061035728,-0.0038638398921344574,0.03658118123654397,0.03048413181875209,0.016211878009630976,0.07642797969284376,0.13122227698373568
2019-09-30,2982.65,7767.35,26991.5,,19.723,108.067,1.08975,1.22894,1.3239,0.99748,7.13827,9.08842,9.83114,1472.07,16.96,0.020669005047480482,0.01274512360488167,0.022814041217228853,,-0.016419603785111536,0.016833211012627247,-0.007739585704529928,0.010691317005773193,-0.0054015881720995695,0.0075657329872018675,-0.0029638982664965674,-0.0032375733992547895,0.0018434635510875541,-0.031692155895411966,-0.07635333841629444
2019-10-31,3035.25,8084.7,27041.5,,19.23135,108.013,1.1151,1.29282,1.31635,0.98654,7.04472,9.19095,9.6509,1512.52,18.085,0.017635324292156307,0.040856920313878,0.0018524350258415367,,-0.024927749328195525,-0.0004996900071251309,0.02326221610461121,0.05197975491073614,-0.005702847647103382,-0.01096763844889126,-0.013105416298346828,0.011281388844265772,-0.018333580846168318,0.027478312851970443,0.0663325471698113
2019-11-30,3144.0,8418.22,28075.0,,19.53415,109.509,1.10176,1.29327,1.32753,1.00012,7.02932,9.21245,9.5736,1463.85,16.997,0.03582900914257481,0.04125323141242099,0.03821903370744972,,0.015745124497240193,0.013850184699989665,-0.011963052641018712,0.0003480762983245622,0.008493181904508873,0.013765280677924707,-0.0021860343633245405,0.002339257639308201,-0.008009615683511329,-0.03217808690133028,-0.060160353884434636
2019-12-31,3220.55,8709.69,28438.0,,18.87782,108.616,1.12226,1.32514,1.29739,0.96709,6.96269,8.78417,9.36769,1520.21,17.864,0.02434796437659048,0.03462370905013179,0.012929652715939488,,-0.03359910720456227,-0.008154580902026365,0.01860659308742374,0.024642959320172908,-0.02270381836945312,-0.033026036875574816,-0.009478868510752081,-0.04648926181417545,-0.0215081056237989,0.03850121255593142,0.05100900158851562
2020-01-31,3230.0,9006.31,28287.95,,18.82592,108.355,1.10911,1.32029,1.32361,0.96334,6.99565,9.19438,9.62091,1589.52,17.982,0.002934281411560047,0.03405632117790636,-0.005276390744778037,,-0.0027492581240842195,-0.0024029608897400134,-0.011717427334129393,-0.003659990642498112,0.02020980584095744,-0.0038776122180975703,0.004733802596410319,0.046698777459908136,0.02703121046917656,0.045592385262562374,0.006605463502015185
2020-02-29,2988.3,8541.55,25706.45,,19.58959,108.028,1.10262,1.28157,1.34039,0.96504,6.97608,9.38976,9.60345,1586.11,16.66,-0.0748297213622291,-0.05160381998843033,-0.09125793845082442,,0.040564817018238664,-0.0030178579668681538,-0.0058515386210565845,-0.02932689030440272,0.01267745030635914,0.0017646936699400317,-0.002797452702751113,0.021249937461797375,-0.0018147971449685718,-0.002145301726307336,-0.07351796240685127
2020-03-31,2570.3,7784.55,21788.5,,23.69944,107.521,1.10261,1.24066,1.40581,0.96096,7.09148,10.39588,9.8712,1575.83,13.95,-0.13987886089080748,-0.08862560073991244,-0.15241116529120124,,0.20979765273290552,-0.004693227681712209,-9.069307648879033e-06,-0.031921783437502405,0.04880669059005216,-0.004227804028848481,0.016542241488056275,0.10715076849674521,0.027880605407431647,-0.006481265486000365,-0.16266506602641062
2020-04-30,2890.1,8879.15,24228.1,,24.1586,107.13,1.09507,1.259,1.39436,0.96455,7.07935,10.21778,9.7466,1685.75,14.918,0.12442127378127066,0.1406118529651681,0.11196732221125827,,0.01937429745175412,-0.00363649891649076,-0.006838319986214647,0.014782454500023912,-0.008144770630455045,0.0037358474858475432,-0.0017105033081952215,-0.017131786823241568,-0.012622578815138952,0.06975371708877232,0.06939068100358425
2020-05-31,3061.05,9589.35,25517.05,,22.16749,107.828,1.10975,1.23428,1.3788,0.96154,7.13098,9.714,9.4245,1728.14,17.853,0.05915020241514135,0.07998513371212335,0.05320062241777124,,-0.08241826927057028,0.006515448520489242,0.013405535719177797,-0.019634630659253305,-0.011159241515820928,-0.0031206261987456463,0.007293042440337016,-0.04930425199994515,-0.03304742166499097,0.025146077413614076,0.19674219064217735
2020-06-30,3094.0,10150.15,25778.5,,22.98107,107.918,1.12333,1.23996,1.35739,0.94714,7.06733,9.60264,9.30799,1779.43,18.177,0.0107642802306398,0.05848154463024069,0.010246090359191218,,0.0367014939445105,0.0008346626108246546,0.012236990313133411,0.0046018731568200355,-0.015527995358282531,-0.014975976038438255,-0.008925841889894537,-0.011463866584311422,-0.012362459546925608,0.0296793083893665,0.018148210384809182
2020-07-31,3276.8,10925.35,26482.95,,22.2671,105.852,1.17794,1.30848,1.3411,0.91281,6.98446,9.09659,8.77598,1975.94,24.404,0.059082094376212035,0.07637325556765173,0.027327036095971424,,-0.031067744017141075,-0.019144165014177483,0.04861438757978509,0.05525984709184173,-0.012000972454489944,-0.036245961526279125,-0.011725786117246506,-0.052699049428073796,-0.05715627111760968,0.11043424017803449,0.3425757825823843
2020-08-31,3496.8,12108.6,28420.1,,21.87507,105.9,1.19354,1.3368,1.30461,0.90357,6.84608,8.69762,8.63165,1966.99,28.092,0.067138671875,0.10830316648894533,0.07314706254401404,,-0.017605795096801935,0.0004534633261534804,0.013243458919809159,0.02164343360234766,-0.02720900753113109,-0.010122588490485418,-0.019812555301340518,-0.043859292328224164,-0.016446026540625658,-0.004529489761834871,0.1511227667595476
2020-09-30,3347.2,11371.5,27698.9,,22.10474,105.477,1.17194,1.29136,1.33141,0.92073,6.78065,9.31992,8.94699,1884.99,23.224,-0.042781972088766995,-0.060874089490114525,-0.025376406135094398,,0.01049916640266746,-0.003994334277620415,-0.018097424468388246,-0.033991621783363235,0.02054253761660574,0.018991334373651192,-0.009557294101149916,0.07154830861775974,0.03653299195402959,-0.04168806145430326,-0.17328776875978924
2020-10-31,3285.95,11100.45,26606.95,,21.1725,104.628,1.16453,1.29399,1.33196,0.91701,6.69377,9.52876,8.89515,1878.76,23.613,-0.0182988766730402,-0.023835905553357017,-0.03942214311759673,,-0.042173760017082285,-0.008049148155522046,-0.006322849292625832,0.002036612563498963,0.00041309589082261233,-0.0040402723925581085,-0.012812930913702947,0.02240791766452932,-0.005794127410447603,-0.003305057321258964,0.016749913882190715
2020-11-30,3635.25,12327.45,29706.65,,20.16905,104.292,1.19264,1.33216,1.29936,0.90828,6.5802,8.87782,8.55727,1776.31,22.587,0.10630106970586906,0.11053605934894528,0.11649963637320337,,-0.047394025268626794,-0.003211377451542541,0.024138493641211456,0.02949790956653464,-0.02447520946574966,-0.009520070664442049,-0.01696652260236009,-0.06831319080342046,-0.037984744495595746,-0.054530647874129756,-0.0434506415957312
2020-12-31,3732.75,12830.35,30410.1,,19.94113,103.247,1.22161,1.36586,1.27569,0.88547,6.49975,8.58279,8.21721,1893.67,26.303,0.026820713843614508,0.040795136058146664,0.023679883123812306,,-0.011300482670229761,-0.010019944003375136,0.024290649315803714,0.025297261590199405,-0.01821666050978954,-0.025113401153829207,-0.012226072155861467,-0.0332322574686128,-0.03973930938254855,0.06606954867112158,0.16451941382211022
2021-01-31,3704.0,12884.2,29928.95,,20.58608,104.654,1.21369,1.37094,1.2776,0.89055,6.44928,8.55947,8.36218,1847.39,26.979,-0.007702096309691209,0.004197079580837704,-0.015822045964991815,,0.032342700739627084,0.013627514600908386,-0.006483247517620305,0.0037192684462536985,0.0014972289506072212,0.005737066190836471,-0.007764914035155113,-0.002717065196748414,0.017642241101298417,-0.024439316248343168,0.025700490438352874
2021-02-28,3810.05,12910.75,30951.95,,20.84965,106.583,1.20744,1.39348,1.27375,0.90738,6.4772,8.65755,8.43215,1734.24,26.66,0.02863120950323972,0.002060663448254285,0.034180951887720745,,0.012803311752407565,0.018432166950140383,-0.0051495851494202105,0.01644127387048311,-0.003013462742642581,0.018898433552299254,0.0043291654262180845,0.011458653397932395,0.008367435286013913,-0.06124857231012404,-0.011824011268023238
2021-03-31,3975.25,13105.5,33048.5,,20.41731,110.668,1.17292,1.37775,1.25606,0.94338,6.56255,8.53765,8.72197,1706.44,24.387,0.04335901103660045,0.01508432895068057,0.06773563539615424,,-0.020736079502533644,0.038326937691752105,-0.02858941231034262,-0.01128828544363758,-0.013888125613346403,0.039674667724657775,0.013176990057432336,-0.013849183660504583,0.03437083068968172,-0.016030076575329844,-0.08525881470367591
2021-04-30,4188.95,13875.45,33909.95,2269.67,20.22942,109.346,1.20193,1.38271,1.22912,0.91312,6.47088,8.31328,8.47005,1768.88,25.907,0.053757625306584345,0.05875014306970372,0.026066235986504704,,-0.009202485538006733,-0.011945639209166137,0.024733144630494808,0.0036000725821085933,-0.021448019999044554,-0.032076151709809375,-0.013968655476910619,-0.02628006535756311,-0.028883382997189844,0.036590797215255266,0.062328289662525016
2021-05-31,4194.5,13659.15,34463.0,2259.58,19.94113,109.567,1.22243,1.42075,1.20576,0.89868,6.37067,8.30335,8.28997,1906.59,28.029,0.001324914358013407,-0.015588683610261334,0.016309372322872884,-0.004445580194477716,-0.014251026475301853,0.002021107310738346,0.017055901758005865,0.027511191790035472,-0.019005467326217218,-0.015813912738741887,-0.015486301708577566,-0.0011944743831556748,-0.021260795390818266,0.077851521866944,0.08190836453468164
2021-06-30,4304.65,14571.2,34577.0,2313.83,19.9175,111.098,1.18564,1.3827,1.23954,0.9249,6.46623,8.59355,8.54017,1769.93,26.11,0.026260579330074973,0.06677209050343547,0.0033078954240779446,0.02400888660724565,-0.0011849880122140055,0.013973185356904949,-0.03009579280613195,-0.02678162942108031,0.028015525477707026,0.029176124983308904,0.014999992151532027,0.034949749197612956,0.030181050112364716,-0.07167770732039913,-0.06846480430982194
2021-07-31,4403.05,14976.72,34983.45,2229.11,19.8662,109.655,1.18713,1.39025,1.24763,0.90651,6.46069,8.80447,8.5841,1813.98,25.479,0.022859001312534266,0.027830240474360224,0.011754923793272809,-0.0366146173227937,-0.0025756244508599035,-0.012988532646852291,0.0012567052393643863,0.005460331235987548,0.006526614711909184,-0.01988323061952646,-0.0008567588842340879,0.02454398938738933,0.00514392570639699,0.024887989920505227,-0.024166985829184195
2021-08-31,4531.25,15608.2,35418.65,2275.5,20.06058,109.986,1.18084,1.37532,1.26141,0.9149,6.45127,8.68555,8.61556,1813.38,23.869,0.02911618082919798,0.04216410535818271,0.0124401681366475,0.02081099631691563,0.00978445802418193,0.0030185582052801863,-0.005298493004136096,-0.010739075705808232,0.01104494120853139,0.009255275727791279,-0.0014580485985242753,-0.01350677553560875,0.003664915366782928,-0.0003307643965203555,-0.06318929314337296
2021-09-30,4310.15,14710.35,33869.0,2204.07,20.628,111.257,1.15803,1.34703,1.26745,0.93157,6.4478,8.72525,8.75027,1756.65,22.148,-0.04879448275862075,-0.05752425007367923,-0.04375237339650162,-0.031390903098220124,0.02828532375434789,0.011556016220246157,-0.019316757562413245,-0.020569758310793218,0.004788292466367139,0.018220570554158932,-0.0005378785882469428,0.004570810138678771,0.015635663845414483,-0.03128412136452374,-0.07210188948007878
2021-10-31,4611.1,15876.95,35856.45,2299.32,20.55583,113.923,1.15579,1.36819,1.23905,0.91605,6.40238,8.43922,8.58794,1783.21,23.902,0.06982355602473245,0.07930470722994354,0.05868050429596372,0.0432155058596142,-0.0034986426216793154,0.02396253718867114,-0.0019343194908593153,0.01570863306682102,-0.022407195550120274,-0.01666004701740076,-0.007044263159527331,-0.032781868714363505,-0.01855142755594974,0.015119688042581014,0.07919450966227215
2021-11-30,4589.7,16242.05,34577.0,2214.57,21.44044,113.143,1.13349,1.3296,1.27777,0.9182,6.36689,9.02525,9.01597,1774.3,22.815,-0.004640975038494144,0.022995600540405947,-0.03568256199372766,-0.036858723448671804,0.04303450651226437,-0.006846729808730467,-0.019294162434352224,-0.02820514694596521,0.031249747790646154,0.0023470334588722164,-0.005543251103495961,0.06944125167965742,0.049840823294061254,-0.004996607241996243,-0.045477365910802425
2021-12-31,4784.7,16388.35,36490.5,2244.29,20.5018,115.051,1.13839,1.3541,1.2634,0.91142,6.35974,8.79315,9.03394,1828.31,23.3,0.04248643702202748,0.00900748366123727,0.05534025508285856,0.01342021250174974,-0.043778952297620743,0.01686361507119316,0.004322931830011756,0.01842659446450079,-0.011246155411380743,-0.007384012197778289,-0.0011229972561170865,-0.025716739148499923,0.001993129968267393,0.03044017358958473,0.021257944334867496
2022-01-31,4498.85,14879.4,35027.5,2015.34,20.61909,115.046,1.12324,1.34424,1.27051,0.92693,6.36862,8.88385,9.3116,1796.85,22.45,-0.059742512592220964,-0.09207455295987688,-0.04009262684808379,-0.10201444554848083,0.005720961086343568,-4.345898775326429e-05,-0.013308268695262582,-0.007281589247470577,0.0056276713629888064,0.017017401417568134,0.0013962834958660686,0.010314847352768997,0.03073520523713924,-0.017207147584381244,-0.03648068669527904
2022-02-28,4373.65,14224.85,33889.9,2047.68,20.45495,114.973,1.12162,1.34161,1.26697,0.91654,6.30803,8.7948,9.4722,1908.77,24.428,-0.027829334163175234,-0.04399034907321531,-0.03247733923345941,0.01604692012265918,-0.007960584099492296,-0.0006345287971768476,-0.0014422563299026914,-0.0019564958638339514,-0.0027862826738869195,-0.011209044911697719,-0.009513835022344042,-0.010023807245732486,0.017247304437475908,0.06228677964215157,0.08810690423162582
2022-03-31,4549.7,14922.1,34817.65,2072.52,19.85593,121.57,1.1066,1.31331,1.24904,0.92248,6.35263,8.77915,9.39087,1937.01,24.77,0.04025242074697344,0.049016334091396496,0.027375412733587234,0.012130801687763704,-0.029284843033104413,0.057378688909569986,-0.013391344662185056,-0.02109405863104774,-0.014151874156452027,0.006480895541929321,0.007070353184750466,-0.0017794605903489469,-0.008586178501298614,0.01479486789922313,0.014000327493040698
2022-04-30,4142.9,12895.97,33076.95,1868.7,20.415,129.719,1.05439,1.25723,1.28417,0.97343,6.639,9.37885,9.8221,1896.46,22.782,-0.0894124887355211,-0.13578048666072473,-0.049994758405578876,-0.09834404493080884,0.028156324080513828,0.06703133996874233,-0.04718055304536428,-0.042701266266151894,0.02812560046115431,0.0552315497354956,0.04507896729386096,0.06830957438932028,0.04592013306541376,-0.02093432661679595,-0.08025837706903516
2022-05-31,4134.1,12652.7,33062.5,1868.43,19.64511,128.51,1.07298,1.25999,1.26423,0.95875,6.67694,9.3443,9.74817,1837.12,21.471,-0.0021241159574209023,-0.01886403271719761,-0.00043686010953236654,-0.00014448547118317556,-0.03771197648787661,-0.009320145853729978,0.017631047335426198,0.0021953023710854502,-0.015527539188736728,-0.01508069404066037,0.00571471607169749,-0.003683820511043434,-0.007526903615316605,-0.03128987692859331,-0.05754543060310768
2022-06-30,3780.24,11484.45,30752.4,1702.41,20.10043,135.713,1.04828,1.21725,1.28715,0.95406,6.69239,9.83355,10.21907,1807.15,20.248,-0.08559541375390067,-0.09233207141558719,-0.06987069943289226,-0.08885534914339843,0.023177269050669524,0.05605011283168637,-0.023020000372793503,-0.033920904134159824,0.018129612491397884,-0.004891786179921698,0.0023139342273554853,0.05235812206371793,0.04830650265639602,-0.01631357777390685,-0.05696055144147916
2022-07-31,4130.87,12957.3,32856.9,1883.42,20.3367,133.225,1.02247,1.21774,1.27937,0.9513,6.74953,9.65415,10.13427,1766.11,20.287,0.09275337015639229,0.12824732573175024,0.06843368322472387,0.10632573821817304,0.011754474904268175,-0.01833280525815506,-0.02462128438966693,0.00040254672417350257,-0.006044361574020218,-0.0028928998176215304,0.00853805591126644,-0.018243665817532895,-0.00829821108965878,-0.02270979166090259,0.0019261161596206833
2022-08-31,3959.47,12295.87,31558.35,1845.07,20.12259,138.95,1.00512,1.16198,1.31243,0.97631,6.90551,9.90785,10.64867,1711.2,17.963,-0.041492470109202206,-0.05104690020297431,-0.03952137907106279,-0.020361894850856488,-0.010528256796825564,0.04297241508725835,-0.0169687130184748,-0.04578974165256955,0.025840843540180014,0.02629033953537263,0.02310975727198783,0.026278854171522203,0.05075846607599743,-0.03109092865110319,-0.11455611968255519
2022-09-30,3591.54,11001.05,28780.9,1665.85,20.12669,144.749,0.98018,1.11613,1.38295,0.98715,7.13861,10.87716,11.09525,1660.43,19.032,-0.09292405296668493,-0.10530527730042705,-0.08800998784790703,-0.09713452606134187,0.00020375110758608095,0.04173443684778699,-0.02481295765679714,-0.03945851047350213,0.053732389536965686,0.011103030799643587,0.033755653094412974,0.09783252673385245,0.0419376316478961,-0.02966923796166432,0.05951121750264421
2022-10-31,3875.42,11417.67,32772.2,1846.51,19.79774,148.753,0.98813,1.14663,1.36187,1.00091,7.33149,10.37875,11.03018,1633.33,19.137,0.07904130261670494,0.03787093050208856,0.1386787765497255,0.10844914007863848,-0.01634396912756142,0.027661676419180825,0.008110755167418215,0.027326565901821365,-0.015242778119237799,0.013939117661956102,0.027019265655358726,-0.045821703459358876,-0.005864671819021727,-0.016321073456875723,0.005517023959646927
2022-11-30,4090.17,12061.95,34599.2,1893.25,19.24934,137.991,1.04047,1.20553,1.34097,0.94515,7.04232,9.82891,10.48867,1768.1,22.164,0.05541334874671655,0.05642832556905231,0.05574846973959646,0.025312616774347374,-0.02770013142914296,-0.07234812071017038,0.052968738931112425,0.05136792164865733,-0.015346545558680313,-0.05570930453287504,-0.03944218705883795,-0.05297747801999275,-0.04909348714164219,0.08251241329063941,0.15817526258034187
2022-12-31,3843.89,10955.1,33167.9,1765.18,19.47913,131.113,1.07031,1.20971,1.35472,0.9248,6.91719,9.8082,10.42391,1823.76,23.949,-0.06021265619766425,-0.09176376953975107,-0.04136800850886713,-0.06764558299220913,0.01193755214464498,-0.049843830394735944,0.028679346833642594,0.0034673546075170147,0.010253771523598632,-0.021530973919483776,-0.017768292267321018,-0.0021070495100679043,-0.006174281391253755,0.03148011990272037,0.08053600433134811
2023-01-31,4072.39,12067.3,34079.35,1929.01,18.82054,130.075,1.08616,1.23162,1.33025,0.91568,6.75065,9.96805,10.45287,1928.23,23.709,0.05944498932071407,0.10152349134193206,0.027479882657629684,0.09281206449200652,-0.033810031556850806,-0.007916835096443586,0.014808793713970703,0.01811177885608939,-0.018062773119168485,-0.009861591695501604,-0.02407625061621832,0.016297587732713392,0.0027782281312866974,0.057282756503048704,-0.010021295252411466
2023-02-28,3964.77,12020.2,32652.7,1898.51,18.28939,136.14,1.05744,1.20194,1.36451,0.94207,6.95176,10.37408,10.46095,1826.59,20.825,-0.02642674203600337,-0.0039031100577592293,-0.04186259421027683,-0.015811219226442574,-0.02822182572869858,0.046626945992696456,-0.026441776533844052,-0.024098342021077857,0.025754557414019885,0.028820111829459982,0.02979120529134227,0.04073314238993575,0.000772993445819159,-0.05271155411958117,-0.12164157071154413
2023-03-31,4111.22,13191.0,33357.9,1803.25,18.01539,132.753,1.0841,1.23309,1.35153,0.91496,6.87151,10.4642,10.3765,1969.04,24.099,0.03693782993717165,0.09740270544583285,0.02159698891668982,-0.05017619080226077,-0.01498136351185031,-0.02487880123402375,0.025211832349826047,0.025916435096593915,-0.009512572278693399,-0.02877705478361481,-0.011543839257972088,0.008687035380486874,-0.008072880570120344,0.0779868498130396,0.15721488595438182
2023-04-30,4172.62,13249.52,34121.4,1769.42,17.98639,136.326,1.10171,1.25666,1.35477,0.89432,6.92418,10.64885,10.2569,1989.98,25.042,0.014934739566357269,0.004436358122962725,0.022888131447123428,-0.01876057119090524,-0.0016097347878675228,0.02691464599670068,0.01624388894013462,0.019114582066191543,0.0023972830791769706,-0.02255836320713478,0.007664981932646642,0.017645878328013564,-0.011526044427311755,0.010634623979198121,0.03913025436740125
2023-05-31,4181.42,14263.62,32887.05,1748.56,17.67224,139.319,1.0688,1.2439,1.35716,0.91057,7.11777,11.07685,10.8482,1962.25,23.493,0.002108986679831837,0.07653862177648696,-0.036175244860996325,-0.011789173853579249,-0.017465984002348556,0.021954726171089955,-0.029871744833032232,-0.010153900020689832,0.0017641370859997618,0.01817022989533945,0.02795854527178676,0.04019213342285788,0.05764899726038086,-0.01393481341521019,-0.06185608178260538
2023-06-30,4446.39,15172.67,34400.9,1886.82,17.11334,144.311,1.09106,1.26959,1.32482,0.89541,7.26525,10.73345,10.78705,1920.05,22.772,0.06336842508047513,0.0637320680163942,0.04603179671025526,0.07907077824038056,-0.03162587198906297,0.03583143720526283,0.020827095808383156,0.02065278559369732,-0.023829172684134425,-0.016648912219818346,0.020719972688075128,-0.031001593413290007,-0.005636879851035115,-0.021505924321569614,-0.03068999276380202
2023-07-31,4595.32,15778.45,35617.2,2004.86,16.7271,142.26,1.0996,1.28334,1.31884,0.87173,7.14453,10.11675,10.5147,1964.64,24.676,0.033494587744214765,0.039925734890431386,0.03535663311134285,0.06256028661981539,-0.022569527631660535,-0.014212360804096824,0.007827250563672061,0.010830268039288216,-0.004513820745459807,-0.026445985637864267,-0.01661608341075671,-0.05745589721850852,-0.02524786665492429,0.023223353558501136,0.08361145266116288
2023-08-31,4509.57,15513.07,34766.95,1901.27,17.02696,145.52,1.08426,1.26719,1.35072,0.88324,7.27384,10.61705,10.9447,1939.66,24.393,-0.018660289163757948,-0.01681914256470063,-0.023871893354895923,-0.051669443252895464,0.017926598155089568,0.02291578799381422,-0.013950527464532514,-0.01258435021116766,0.02417275787813522,0.013203629564199959,0.018099161176452494,0.049452640423060856,0.04089512777349813,-0.012714797621956153,-0.011468633490030689
2023-09-30,4290.97,14742.65,33522.9,1786.42,17.41067,149.373,1.05717,1.21993,1.35784,0.91528,7.29288,10.64898,10.91483,1848.77,22.179,-0.04847468827404822,-0.04966263930994963,-0.03578254635508715,-0.06040699111646419,0.02253543791727952,0.026477460142935616,-0.02498478224780043,-0.03729511754354131,0.005271262733949289,0.03627553099950176,0.00261759950727547,0.0030074267334145866,-0.002729174851754612,-0.04685872781827749,-0.09076374369696238
2023-10-31,4187.67,14371.6,33008.85,1657.34,18.055,151.613,1.05747,1.21471,1.38716,0.90976,7.33695,11.16578,11.1644,1983.35,22.833,-0.024073810816668484,-0.02516847378185061,-0.015334293870757132,-0.07225624433223998,0.0370077659274457,0.014996016683068714,0.0002837764976304502,-0.004278934037198812,0.021593118482295504,-0.006030941351280461,0.0060428801790237685,0.0485304695848805,0.022865220988325108,0.07279434434786358,0.02948735290139326
2023-11-30,4568.69,15932.2,35958.19,1808.22,17.37009,148.166,1.08853,1.26223,1.35594,0.87503,7.14031,10.79555,10.4893,2036.55,25.253,0.09098615697989554,0.10858916195830659,0.08934997735455807,0.09103744554527138,-0.0379346441428966,-0.022735517402861283,0.02937199164042492,0.039120448502111715,-0.022506415986620176,-0.03817490327119244,-0.026801327527105845,-0.03315755818223176,-0.06046899072050449,0.026823304005848758,0.10598694871457992
2023-12-31,4771.81,16837.35,37712.95,2025.78,16.96506,141.031,1.10361,1.27312,1.32501,0.84144,7.11593,10.16058,10.0764,2062.38,23.792,0.04445913379984212,0.05681261847076979,0.0488000091217049,0.12031721803762818,-0.02331766847494743,-0.0481554472686041,0.013853545607378726,0.008627587682118243,-0.022810743838222902,-0.03838725529410425,-0.003414417581309559,-0.058817753611441814,-0.03936392323605964,0.012683214259409326,-0.05785451233516803
2024-01-31,4851.24,17172.64,38183.85,1950.71,17.18926,146.854,1.08173,1.26862,1.3433,0.86112,7.18483,10.49125,10.38315,2039.61,22.917,0.016645675330744458,0.019913466192720497,0.012486427076110473,-0.03705733100336661,0.013215396821467218,0.041288794662166506,-0.019825844274698357,-0.0035346236018599653,0.013803669406268648,0.0233884768967485,0.009682501092618923,0.03254440199279984,0.030442419911873353,-0.011040642364646747,-0.036777067921990536
2024-02-29,5093.86,18034.15,38968.45,2051.93,17.04019,149.964,1.08044,1.26234,1.3577,0.88427,7.20728,10.6094,10.36545,2043.84,22.646,0.05001195570617001,0.05016759216987032,0.020547954174343408,0.051888799462759705,-0.008672275595342782,0.02117749601645169,-0.001192534181357674,-0.004950260913433535,0.010719868979379044,0.0268835934596805,0.003124638996329754,0.011261765757178521,-0.0017046849944382103,0.002073925897598139,-0.01182528254134485
2024-03-31,5253.3,18261.15,39819.5,2120.78,16.54126,151.342,1.0793,1.26249,1.35417,0.9019,7.25228,10.79338,10.6418,2232.56,24.947,0.03130042835884783,0.01258723033799769,0.021839462436920254,0.0335537762009428,-0.029279603103016916,0.009188871995945869,-0.001055125689534031,0.0001188269404437392,-0.0025999852692051295,0.01993734945209047,0.006243686938761872,0.017341225705506336,0.026660685257273053,0.09233599498982303,0.10160734787600445
2024-04-30,5027.5,17402.55,37815.45,1971.57,17.12704,157.784,1.06651,1.24906,1.37767,0.91923,7.2537,11.09885,11.01435,2286.04,26.272,-0.042982506234176654,-0.04701784936874198,-0.05032835670965241,-0.07035618970378832,0.03541326356033325,0.042565844246805096,-0.011850273325303307,-0.010637708021449588,0.017353803436791493,0.01921499057545173,0.00019580049308642877,0.028301607096201442,0.03500817530868838,0.02395456337119728,0.05311259870926355
2024-05-31,5288.4,18526.4,38777.9,2074.8,16.97406,157.309,1.08483,1.27425,1.36282,0.90231,7.26049,10.48028,10.5243,2327.39,30.409,0.05189457981103929,0.0645796162056711,0.025451237523287595,0.052359287268522126,-0.00893207466088708,-0.003010444658520517,0.01717752294868302,0.020167165708612877,-0.010779069007817554,-0.018406709963774026,0.000936074003611953,-0.055732801146064714,-0.04449195821814267,0.018088047453237888,0.15746802679658956
2024-06-30,5473.9,19729.1,39218.4,2050.06,18.28746,160.866,1.07138,1.26449,1.36792,0.89861,7.29427,10.66058,10.5898,2326.65,29.139,0.035076771802435625,0.06491817082649609,0.011359563050087784,-0.011924040871409414,0.07737689156277261,0.02261154797246201,-0.012398255947936532,-0.0076594074946048085,0.0037422403545590566,-0.004100586273010354,0.004652578544974251,0.017203738831405246,0.0062236918369869,-0.00031795272816326214,-0.04176395146173828
2024-07-31,5536.01,19443.15,40901.95,2257.36,18.60185,149.926,1.08247,1.28546,1.38064,0.87775,7.22516,10.88428,10.67975,2447.02,28.981,0.01134657191399202,-0.014493818775311418,0.04292755441323459,0.10111899163926918,0.017191561868077798,-0.06800691258563041,0.010351135918161614,0.01658376104200121,0.009298789402889085,-0.02321362993957332,-0.009474560168461044,0.020983848908783687,0.00849402255000098,0.05173532761695987,-0.005422286282988353
2024-08-31,5644.21,19548.2,41578.45,2214.68,19.71756,146.193,1.10477,1.31287,1.34938,0.85001,7.08795,10.59518,10.2624,2503.01,28.841,0.019544762383015835,0.005402931109413922,0.01653955373765803,-0.018907041854201445,0.059978443004324866,-0.024898950148739885,0.020601032823080567,0.021323106125433755,-0.022641673426816555,-0.0316035317573341,-0.018990582907506548,-0.026561242452417755,-0.03907863011774626,0.02288089186030362,-0.004830751181808757
2024-09-30,5759.91,20047.7,42328.45,2227.61,19.6756,143.611,1.11338,1.33732,1.35236,0.84532,7.00527,10.5325,10.15075,2634.28,31.133,0.02049888292604285,0.025552224757266595,0.01803819045683519,0.005838315241931236,-0.0021280523553623976,-0.017661584343983794,0.007793477375381386,0.018623321425579098,0.0022084216454965055,-0.005517582146092548,-0.01166486783907894,-0.005915897606269871,-0.010879521359525968,0.05244485639290297,0.07947019867549665
2024-10-31,5709.61,19927.75,41809.45,2193.55,20.02105,152.035,1.08817,1.28922,1.3931,0.86359,7.12203,10.9836,10.6367,2743.64,32.639,-0.008732775338503584,-0.005983229996458506,-0.012261256908769447,-0.015289929565767801,0.017557279066457987,0.05865845931021996,-0.02264276347697991,-0.03596745730266504,0.030125114614451665,0.021613116926134435,0.016667451789866616,0.04282933776406339,0.04787330985395166,0.04151418983555266,0.04837310891979585
2024-11-30,6042.82,20947.0,45045.92,2438.88,20.36696,149.773,1.05783,1.27367,1.40046,0.88126,7.24626,11.02458,10.8851,2649.32,30.559,0.05835950266305412,0.05114726951110882,0.07741001137302694,0.11184153541063568,0.017277315625304324,-0.01487815305686191,-0.02788167290037402,-0.012061556600114764,0.005283181394013292,0.020461098437916325,0.017443060475735184,0.0037310171528461833,0.023353107636767012,-0.03437768803487329,-0.06372744262998253
2024-12-31,5882.37,21037.4,42531.92,2230.38,20.85552,157.294,1.03524,1.25096,1.4388,0.90764,7.33499,11.37759,11.05739,2624.7,28.797,-0.026552172661108542,0.0043156537929058825,-0.0558097159520774,-0.08549006101161183,0.023987870551127832,0.050215993536885994,-0.021355038144125316,-0.017830364223071937,0.027376719078017198,0.029934412091777718,0.012244937388390609,0.03202026743875952,0.015828058538736478,-0.00929295064393898,-0.05765895480873062
2025-01-31,6037.21,21447.85,44552.9,2283.48,20.63136,155.209,1.03619,1.23928,1.45298,0.91115,7.32153,11.29771,11.091,2798.43,31.291,0.02632272366410149,0.019510490840122685,0.047516782689330794,0.023807602291985974,-0.010748233561186593,-0.01325543250219341,0.0009176616050383668,-0.00933682931508617,0.009855435084792807,0.0038671720065224235,-0.0018350399932379746,-0.007020818995938427,0.0030395961433935526,0.06619042176248713,0.08660624370594161
2025-02-28,5950.36,20865.15,43809.0,2160.93,20.51436,150.612,1.0376,1.2578,1.44647,0.90323,7.29325,11.22001,10.7466,2857.78,31.136,-0.014385784161889403,-0.02716822432085253,-0.016697005133223697,-0.053668085553628786,-0.0056709785491602105,-0.029618127814753037,0.0013607543018172574,0.014944161125814981,-0.004480447081171124,-0.008692311913515938,-0.0038625806354682934,-0.006877499953530375,-0.031052204490127022,0.0212083203796416,-0.0049535010066792395
2025-03-31,5602.77,19242.2,41965.44,2009.21,20.45544,149.927,1.08161,1.29167,1.43833,0.88375,7.26519,10.48334,10.03035,3123.66,34.061,-0.058414953044857665,-0.07778281009242682,-0.04208176402109154,-0.0702105112150786,-0.0028721344463098486,-0.0045481103763312936,0.04241518889745555,0.02692796947050402,-0.005627493138467998,-0.02156704272444443,-0.0038473931374901627,-0.06565680422744724,-0.06664898665624486,0.09303725269264951,0.09394270298047269
2025-04-30,5593.46,19745.35,40707.5,1959.91,19.5975,142.924,1.13271,1.33257,1.37967,0.82469,7.2685,10.3783,9.65505,3288.0,32.593,-0.0016616780628154748,0.02614825747575633,-0.029975618032361928,-0.024537007082385598,-0.041941899074280475,-0.046709398573972605,0.04724438568430411,0.03166443441436284,-0.0407834085362887,-0.06682885431400287,0.00045559716951659723,-0.010019707459645533,-0.03741644110125775,0.05261135975106135,-0.04309914565045059
2025-05-31,5907.31,21329.7,42239.0,2060.51,19.42876,144.06,1.13458,1.34547,1.37393,0.82262,7.20326,10.19326,9.5848,3289.24,32.963,0.05611017152174158,0.08023914491259987,0.037622059816986964,0.05132888755095899,-0.008610281923714713,0.007948280204864044,0.0016509079993995979,0.00968054211035807,-0.004160415171743814,-0.0025100340734094395,-0.008975717135585093,-0.017829509649942565,-0.007275985106239724,0.0003771289537712885,0.011352130825637241
2025-06-30,6199.56,22673.2,44073.45,2171.45,18.73439,143.964,1.17855,1.372,1.3599,0.79282,7.15639,10.04878,9.4442,3302.63,36.084,0.04947260258899577,0.0629872900228321,0.04343024219323377,0.053841039354334486,-0.03573928547164096,-0.0006663890045814913,0.038754428951682574,0.019718016752510392,-0.010211582831730848,-0.036225717828402004,-0.006506776098599842,-0.014174071886717265,-0.014669059343961233,0.004070849193126724,0.0946819160877348
2025-07-31,6340.31,23208.85,44138.5,2207.41,18.86004,150.705,1.14106,1.3199,1.38491,0.81173,7.20869,10.31298,9.78503,3289.74,36.693,0.022703224099774877,0.02362480814353507,0.0014759452686368135,0.0165603628911557,0.006706917065354201,0.04682420605151294,-0.031810275338339467,-0.03797376093294458,0.018391058166041585,0.02385156782119524,0.007308153971485654,0.026291748849113894,0.03608881641642503,-0.00390295007312369,0.016877286331892005
2025-08-31,6466.01,23415.2,45594.95,2367.51,18.64776,147.039,1.16858,1.35044,1.37445,0.80059,7.12121,10.04598,9.4547,3447.11,39.632,0.019825529035646383,0.008891004939926006,0.032997269957066866,0.07252843830552558,-0.011255543466503815,-0.02432566935403624,0.02411792543775082,0.023138116523979013,-0.007552837368493326,-0.013723775146908368,-0.012135353302749952,-0.02588970404286628,-0.0337587110105948,0.047836607148285415,0.08009702123020745
2025-09-30,6679.41,24646.35,46358.85,2430.61,18.29569,147.799,1.17324,1.34444,1.3917,0.7954,7.1278,9.98425,9.40257,3858.19,46.622,0.033003351371247325,0.05257909392189686,0.016754048419836076,0.02665247454076214,-0.018880015615816648,0.005168696740320833,0.003987745811155463,-0.004442996356742945,0.012550474735348649,-0.006482718994741399,0.0009254045309716741,-0.006144746455796324,-0.005513659872867449,0.11925351961498176,0.17637262817924926
2025-10-31,6848.09,25876.7,47627.45,2481.06,18.56645,154.007,1.15376,1.31485,1.40112,0.80458,7.12151,10.10678,9.4826,4002.34,48.652,0.025253727499884082,0.04992017073522059,0.02736478579602375,0.02075610649178583,0.014799113889664595,0.04200299054797396,-0.01660359346766238,-0.022009163666656728,0.00676870015089448,0.0115413628363088,-0.0008824602261566783,0.012272328918045972,0.008511502706174845,0.037362079109634294,0.043541675603792296
2025-11-30,6852.47,25446.95,47740.92,2497.61,18.28535,156.175,1.16004,1.32315,1.4028,0.80374,7.07064,10.10323,9.43412,4219.58,56.343,0.0006395943978541041,-0.016607604524533692,0.0023824496167650366,0.006670535980588976,-0.015140212587758994,0.014077282201458319,0.005443073082790129,0.006312507130090905,0.0011990407673860837,-0.0010440229685052538,-0.007143148012149103,-0.00035124935934105483,-0.00511252188218414,0.05427824722537311,0.15808188769218123
2025-12-31,6890.57,25436.2,48319.92,2493.01,18.0058,156.882,1.17353,1.34526,,0.79329,6.97633,10.07597,9.21245,4319.65,71.611,0.005560038934865785,-0.0004224474838830927,0.01212796066770383,-0.0018417607232513733,-0.015288195194513632,0.00452697294701454,0.011628909347953575,0.01671012356875634,0.0,-0.013001716973150446,-0.013338255094305529,-0.002698147028227571,-0.02349662713639422,0.02371563046559122,0.27098308574268315
2026-01-31,6935.84,25531.1,48876.9,2616.45,17.45121,154.777,1.18501,1.36845,,0.77305,6.95843,9.62553,8.91008,4894.49,85.167,0.006569848357973251,0.00373090320094982,0.01152692305781966,0.04951444238089686,-0.030800630907818594,-0.013417727973891291,0.009782451236866496,0.017238303376299058,0.0,-0.02551399866379256,-0.0025658189907874496,-0.0447043808189187,-0.032821887771439684,0.13307559640248634,0.18930052645543283
2026-02-28,6890.8,24983.7,49187.44,2625.85,17.17895,156.053,1.18131,1.34838,,0.77345,6.87918,9.55604,9.03531,5279.13,87.153,-0.006493806085492215,-0.021440517643187995,0.006353512600021816,0.0035926541688164892,-0.015601210460478021,0.008244118958243174,-0.003122336520366753,-0.01466622821440322,0.0,0.0005174309553068746,-0.011389063337563177,-0.007219342727101785,0.014054868194224968,0.07858632870840476,0.0233188911197999
2026-03-31,,,,2496.45,,158.698,1.15522,1.32217,,,,,,4667.47,,0.0,0.0,0.0,-0.04927928099472556,0.0,0.01694936976540018,-0.02208565067594459,-0.019438140583514896,0.0,0.0,0.0,0.0,0.0,-0.11586378816206455,0.0
2026-04-30,,,,2803.41,,156.602,1.173,1.36018,,,,,,4621.85,,0.0,0.0,0.0,0.1229586012137236,0.0,-0.013207475834604132,0.01539100777341118,0.02874819425641162,0.0,0.0,0.0,0.0,0.0,-0.009774031755962032,0.0
2026-05-31,7389.6,28867.25,49607.44,2764.81,17.29683,158.964,1.16352,1.35464,,,6.8031,9.26315,,4536.39,75.836,0.07238637023277406,0.15544334906358936,0.008538765180704733,-0.013768945676872035,0.006861886203755052,0.015082821419905246,-0.008081841432225012,-0.0040729903395138045,0.0,0.0,-0.011059457667919714,-0.030649725199978217,0.0,-0.018490431320791423,-0.12985209918189855
