Date,US_LargeCap,US_SmallCap,Mexico_Eq,Brazil_Eq,China_Eq,Japan_Eq,UK_Eq,France_Eq,EM_Eq,DM_exUS_Eq,US_Cash_TBill,US_Treas_Interm,US_Treas_Long,US_TIPS,US_IG_Corp,US_HighYield,EM_USD_Sov,EM_Local_Debt,Global_Agg_exUS,US_REITs,Global_REITs_exUS,Commodities,Gold
1993-01-01,24.05350685119629,,,,,,,,,,,,,,,,,,,,,,
1993-02-01,24.310148239135742,,,,,,,,,,,,,,,,,,,,,,
1993-03-01,24.854673385620117,,,,,,,,,,,,,,,,,,,,,,
1993-04-01,24.218700408935547,,,,,,,,,,,,,,,,,,,,,,
1993-05-01,24.871864318847656,,,,,,,,,,,,,,,,,,,,,,
1993-06-01,24.961591720581055,,,,,,,,,,,,,,,,,,,,,,
1993-07-01,24.84040641784668,,,,,,,,,,,,,,,,,,,,,,
1993-08-01,25.792482376098633,,,,,,,,,,,,,,,,,,,,,,
1993-09-01,25.604822158813477,,,,,,,,,,,,,,,,,,,,,,
1993-10-01,26.109966278076172,,,,,,,,,,,,,,,,,,,,,,
1993-11-01,25.831256866455078,,,,,,,,,,,,,,,,,,,,,,
1993-12-01,26.148395538330078,,,,,,,,,,,,,,,,,,,,,,
1994-01-01,27.060335159301758,,,,,,,,,,,,,,,,,,,,,,
1994-02-01,26.271156311035156,,,,,,,,,,,,,,,,,,,,,,
1994-03-01,25.170352935791016,,,,,,,,,,,,,,,,,,,,,,
1994-04-01,25.452585220336914,,,,,,,,,,,,,,,,,,,,,,
1994-05-01,25.858257293701172,,,,,,,,,,,,,,,,,,,,,,
1994-06-01,25.2657470703125,,,,,,,,,,,,,,,,,,,,,,
1994-07-01,26.08249282836914,,,,,,,,,,,,,,,,,,,,,,
1994-08-01,27.07676887512207,,,,,,,,,,,,,,,,,,,,,,
1994-09-01,26.392969131469727,,,,,,,,,,,,,,,,,,,,,,
1994-10-01,27.143207550048828,,,,,,,,,,,,,,,,,,,,,,
1994-11-01,26.062488555908203,,,,,,,,,,,,,,,,,,,,,,
1994-12-01,26.252277374267578,,,,,,,,,,,,,,,,,,,,,,
1995-01-01,27.134553909301758,,,,,,,,,,,,,,,,,,,,,,
1995-02-01,28.241924285888672,,,,,,,,,,,,,,,,,,,,,,
1995-03-01,29.028379440307617,,,,,,,,,,,,,,,,,,,,,,
1995-04-01,29.88828468322754,,,,,,,,,,,,,,,,,,,,,,
1995-05-01,31.074058532714844,,,,,,,,,,,,,,,,,,,,,,
1995-06-01,31.702659606933594,,,,,,,,,,,,,,,,,,,,,,
1995-07-01,32.722389221191406,,,,,,,,,,,,,,,,,,,,,,
1995-08-01,32.86806869506836,,,,,,,,,,,,,,,,,,,,,,
1995-09-01,34.2608757019043,,,,,,,,,,,,,,,,,,,,,,
1995-10-01,34.16020965576172,,,,,,,,,,,,,,,,,,,,,,
1995-11-01,35.679649353027344,,,,,,,,,,,,,,,,,,,,,,
1995-12-01,36.24100112915039,,,,,,,,,,,,,,,,,,,,,,
1996-01-01,37.53040313720703,,,,,,,,,,,,,,,,,,,,,,
1996-02-01,37.65009689331055,,,,,,,,,,,,,,,,,,,,,,
1996-03-01,38.29838562011719,,5.4506940841674805,,,40.04967498779297,7.86395788192749,5.449037551879883,,,,,,,,,,,,,,,
1996-04-01,38.71467208862305,,5.931639671325684,,,41.96440887451172,8.103469848632812,5.526511192321777,,,,,,,,,,,,,,,
1996-05-01,39.593502044677734,,5.963698387145996,,,40.04967498779297,8.023629188537598,5.474860191345215,,,,,,,,,,,,,,,
1996-06-01,39.94278335571289,,5.963698387145996,,,40.528350830078125,8.103469848632812,5.629807949066162,,,,,,,,,,,,,,,
1996-07-01,38.14791488647461,,5.386568069458008,,,38.613624572753906,8.223224639892578,5.552334308624268,,,,,,,,,,,,,,,
1996-08-01,38.88260269165039,,5.93906307220459,,,36.53935241699219,8.503602981567383,5.36885929107666,,,,,,,,,,,,,,,
1996-09-01,41.05507278442383,,5.93906307220459,,,37.815826416015625,8.666353225708008,5.659782409667969,,,,,,,,,,,,,,,
1996-10-01,42.382450103759766,,5.585928440093994,,,35.262855529785156,9.154593467712402,5.792018890380859,,,,,,,,,,,,,,,
1996-11-01,45.47652816772461,,5.746444225311279,,,36.06066131591797,9.602153778076172,6.056498050689697,,,,,,,,,,,,,,,
1996-12-01,44.39427947998047,,5.971164703369141,,,33.34812927246094,10.100855827331543,6.162285804748535,,,,,,,,,,,,,,,
1997-01-01,47.13725662231445,,6.420608043670654,,,29.99736976623535,9.569229125976562,6.241629600524902,,,,,,,,,,,,,,,
1997-02-01,47.588130950927734,,6.613224983215332,,,30.635602951049805,9.896383285522461,6.294521808624268,,,,,,,,,,,,,,,
1997-03-01,45.48843765258789,,6.5169196128845215,,,29.359132766723633,10.01906967163086,6.347418785095215,,,,,,,,,,,,,,,
1997-04-01,48.33615493774414,,6.5169196128845215,,,31.114295959472656,10.223536491394043,6.082942485809326,,,,,,,,,,,,,,,
1997-05-01,51.3913459777832,,6.805844306945801,,,34.145931243896484,10.796053886413574,6.162285804748535,,,,,,,,,,,,,,,
1997-06-01,53.503639221191406,,7.640524387359619,,,36.06066131591797,10.959632873535156,6.638342380523682,,,,,,,,,,,,,,,
1997-07-01,57.74455261230469,,8.796233177185059,,,35.58198165893555,11.532148361206055,6.8234758377075195,,,,,,,,,,,,,,,
1997-08-01,54.753211975097656,,7.987936973571777,,,32.0839958190918,11.204455375671387,6.281848430633545,,,,,,,,,,,,,,,
1997-09-01,57.38630294799805,,9.081720352172852,,,31.764753341674805,12.176918983459473,6.958767890930176,,,,,,,,,,,,,,,
1997-10-01,55.98015594482422,,7.325036525726318,,,28.73193359375,11.754111289978027,6.552615165710449,,,,,,,,,,,,,,,
1997-11-01,58.14638900756836,,8.087369918823242,,,26.81646728515625,11.711828231811523,6.5796942710876465,,,,,,,,,,,,,,,
1997-12-01,59.25532531738281,,8.789129257202148,,,25.222835540771484,11.93338680267334,6.885537147521973,,,,,,,,,,,,,,,
1998-01-01,60.018463134765625,,7.495636463165283,,,28.255962371826172,12.610458374023438,7.021612644195557,,,,,,,,,,,,,,,
1998-02-01,64.1773910522461,,7.827301025390625,,,28.575246810913086,13.456793785095215,7.729218482971191,,,,,,,,,,,,,,,
1998-03-01,67.30821228027344,,8.192133903503418,,,25.38247299194336,14.51472282409668,8.518467903137207,,,,,,,,,,,,,,,
1998-04-01,68.16915893554688,,8.192133903503418,,,26.34030532836914,14.387772560119629,8.817843437194824,,,,,,,,,,,,,,,
1998-05-01,66.75338745117188,,7.13080358505249,,,24.743927001953125,13.795337677001953,9.280505180358887,,,,,,,,,,,,,,,
1998-06-01,69.59530639648438,,6.56697416305542,,,25.063201904296875,14.218506813049316,9.60709285736084,,,,,,,,,,,,,,,
1998-07-01,68.65483093261719,,6.666473865509033,,,24.10537338256836,13.795337677001953,9.5254487991333,,,,,,,,,,,,,,,
1998-08-01,58.96215057373047,,4.310910224914551,,,20.140100479125977,12.158905982971191,8.164258003234863,,,,,,,,,,,,,,,
1998-09-01,62.71446990966797,,5.0006561279296875,,,20.459789276123047,12.549723625183105,7.886560440063477,,,,,,,,,,,,,,,
1998-10-01,67.79943084716797,,5.793863773345947,,,24.77552604675293,13.244522094726562,8.85849666595459,,,,,,,,,,,,,,,
1998-11-01,71.57461547851562,,5.586939811706543,,,25.574743270874023,13.895892143249512,9.163959503173828,,,,,,,,,,,,,,,
1998-12-01,76.2571792602539,,5.682433605194092,,,26.239553451538086,14.261719703674316,9.784276008605957,,,,,,,,,,,,,,,
1999-01-01,78.94338989257812,,5.543837070465088,,,26.879539489746094,14.348949432373047,10.23672866821289,,,,,,,,,,,,,,,
1999-02-01,76.41179656982422,,6.063572406768799,,,25.919551849365234,14.523404121398926,9.44493579864502,,,,,,,,,,,,,,,
1999-03-01,79.58043670654297,,7.310934543609619,,,29.439496994018555,14.872315406799316,9.558048248291016,,,,,,,,,,,,,,,
1999-04-01,82.60246276855469,,8.246456146240234,,,30.719472885131836,15.526519775390625,9.812553405761719,,,,,,,,,,,,,,,
1999-05-01,80.71366882324219,,7.761372089385986,,,28.959501266479492,14.654251098632812,9.671161651611328,,,,,,,,,,,,,,,
1999-06-01,85.18350219726562,,8.592947006225586,,,31.999452590942383,15.046767234802246,10.180170059204102,,,,,,,,,,,,,,,
1999-07-01,82.5408935546875,,7.553478717803955,,,34.39939498901367,14.828700065612793,10.123613357543945,,,,,,,,,,,,,,,
1999-08-01,82.11344146728516,,7.393116474151611,,,34.36212158203125,14.846498489379883,10.493135452270508,,,,,,,,,,,,,,,
1999-09-01,80.27926635742188,,7.253622055053711,,,35.8072509765625,14.846498489379883,10.550320625305176,,,,,,,,,,,,,,,
1999-10-01,85.42341613769531,,7.60235595703125,,,38.05526351928711,15.120588302612305,11.03637981414795,,,,,,,,,,,,,,,
1999-11-01,86.84584045410156,,8.892663955688477,,,39.17925262451172,15.257634162902832,11.436659812927246,,,,,,,,,,,,,,,
1999-12-01,91.80550384521484,,10.078351974487305,,,42.21095275878906,15.963651657104492,12.915328025817871,,,,,,,,,,,,,,,
2000-01-01,87.23475646972656,,9.067030906677246,,,39.78502655029297,14.5208740234375,11.83418083190918,,,,,,,,,,,,,,,
2000-02-01,85.90652465820312,,9.903985977172852,,,39.29984664916992,14.288167953491211,13.207531929016113,,,,,,,,,,,,,,,
2000-03-01,94.23213958740234,,10.28759479522705,,,42.69613265991211,15.21899700164795,12.97376823425293,,,,,,,,,,,,,,,
2000-04-01,90.92262268066406,,9.311141967773438,,,39.461578369140625,14.613954544067383,12.652342796325684,,,,,,,,,,,,,,,
2000-05-01,89.49308776855469,33.82774353027344,8.404438018798828,,,37.19739532470703,14.102001190185547,13.149094581604004,,,,,,,,,,,,,,,
2000-06-01,91.25448608398438,36.7649040222168,9.171649932861328,,,39.29984664916992,14.288167953491211,13.470511436462402,,,,,,,,,,,,,,,
2000-07-01,89.82158660888672,35.74779510498047,9.136775016784668,7.29760217666626,,34.93320083618164,14.288167953491211,13.207531929016113,,,,,,,,,,,,,,,
2000-08-01,95.69062805175781,38.23771667480469,9.591912269592285,7.57851505279541,,37.26025390625,14.414936065673828,12.970931053161621,,,,,,,,,,,,,,,
2000-09-01,90.44080352783203,36.984764099121094,8.697147369384766,6.954968452453613,,35.42231369018555,13.975160598754883,12.114362716674805,,,,,,,,,,,,,,,
2000-10-01,90.01771545410156,35.33407211303711,9.055057525634766,6.187524795532227,,33.918540954589844,14.366076469421387,11.900221824645996,,,,,,,,,,,,,,,
2000-11-01,83.29763793945312,31.809593200683594,8.160286903381348,5.539992332458496,,31.41225242614746,13.486518859863281,11.19660758972168,,,,,,,,,,,,,,,
2000-12-01,82.86227416992188,34.330223083496094,7.665066719055176,6.333353519439697,,31.114564895629883,13.793243408203125,13.07752513885498,,,,,,,,,,,,,,,
2001-01-01,86.54630279541016,36.176700592041016,8.838216781616211,7.196991920471191,,30.938766479492188,13.953678131103516,13.23776626586914,,,,,,,,,,,,,,,
2001-02-01,78.29084014892578,33.756568908691406,8.210617065429688,6.333353519439697,,29.61682891845703,13.061521530151367,11.733351707458496,,,,,,,,,,,,,,,
2001-03-01,73.90364837646484,32.19039535522461,8.055157661437988,5.749915599822998,,28.80117416381836,12.271100997924805,10.75336742401123,,,,,,,,,,,,,,,
2001-04-01,80.21794128417969,34.84899139404297,8.64245319366455,5.8535542488098145,,31.55755043029785,13.03021240234375,11.759839057922363,,,,,,,,,,,,,,,
2001-05-01,79.7682876586914,35.60345458984375,9.419755935668945,5.653958797454834,,30.629377365112305,12.732831954956055,10.99703598022461,,,,,,,,,,,,,,,
2001-06-01,77.86748504638672,36.71082305908203,9.701888084411621,5.5196123123168945,,28.773046493530273,12.325878143310547,10.594449996948242,,,,,,,,,,,,,,,
2001-07-01,77.07357025146484,34.668128967285156,9.160653114318848,4.874764919281006,,26.438573837280273,12.169363975524902,10.626232147216797,,,,,,,,,,,,,,,
2001-08-01,72.50055694580078,33.82511520385742,8.919825553894043,4.485612392425537,,25.707305908203125,12.080492973327637,10.409945487976074,,21.252365112304688,,,,,,,,,,,,,
2001-09-01,66.58232879638672,28.89311408996582,7.162537574768066,3.724515199661255,,23.625967025756836,11.14142894744873,8.965295791625977,,19.207921981811523,,,,,,,,,,,,,
2001-10-01,67.4493637084961,30.771207809448242,7.545313358306885,3.845966100692749,,23.59784698486328,11.356298446655273,9.400811195373535,,19.55828857421875,,,,,,,,,,,,,
2001-11-01,72.7088851928711,33.12156295776367,8.009284973144531,4.570628643035889,,23.56971549987793,11.48362922668457,9.61857795715332,,20.21238899230957,,,,,,,,,,,,,
2001-12-01,73.11888122558594,34.94038391113281,8.844913482666016,5.141448497772217,,21.685266494750977,11.871026039123535,9.958491325378418,,20.335603713989258,,,,,,,,,,,,,
2002-01-01,72.40239715576172,34.88601303100586,9.660654067993164,4.67588472366333,,20.08207130432129,11.45081615447998,9.422062873840332,,19.159440994262695,,,,,,,,,,,,,
2002-02-01,71.10382843017578,33.798095703125,9.415935516357422,5.5260443687438965,,21.01023292541504,11.264949798583984,9.469863891601562,,19.38956642150879,,,,,,,,,,,,,
2002-03-01,73.46941375732422,36.34273910522461,10.400644302368164,5.356013774871826,,22.894691467285156,11.846781730651855,9.958491325378418,,20.471965789794922,,,,,,,,,,,,,
2002-04-01,69.19680786132812,36.7784423828125,10.109308242797852,5.283143043518066,,23.73847007751465,11.919509887695312,9.905381202697754,,20.78390884399414,,,,,,,,,,,,,
2002-05-01,68.78621673583984,35.03570556640625,9.398454666137695,4.8985466957092285,,25.20102882385254,11.685164451599121,9.87882137298584,,20.894710540771484,,,,,,,,,,,,,
2002-06-01,63.709293365478516,32.99916458129883,8.501141548156738,3.9269349575042725,,23.710344314575195,11.232629776000977,9.719487190246582,,20.207761764526367,,,,,,,,,,,,,
2002-07-01,58.6877555847168,28.594436645507812,7.691232204437256,2.825773239135742,,22.107160568237305,10.586145401000977,8.2854642868042,,18.281591415405273,,40.50669860839844,35.996185302734375,,36.6019287109375,,,,,,,,
2002-08-01,59.086891174316406,28.412418365478516,7.9301252365112305,3.25895094871521,,21.966524124145508,10.392199516296387,8.22173023223877,,18.102609634399414,,41.52775192260742,37.980690002441406,,37.93335723876953,,,,,,,,
2002-09-01,52.8914909362793,26.13311767578125,7.161004543304443,2.3440141677856445,,20.616466522216797,9.446721076965332,6.989532947540283,,16.227569580078125,,43.128570556640625,39.598350524902344,,38.726646423339844,,,,,,,,
2002-10-01,57.24360656738281,27.210586547851562,7.504780292510986,3.007951021194458,,19.435165405273438,9.907339096069336,7.7862138748168945,,16.84975242614746,,42.58908462524414,38.135501861572266,,38.490089416503906,,,,,,,,
2002-11-01,60.77448654174805,29.5152530670166,7.9301252365112305,2.959369659423828,,20.138322830200195,10.351797103881836,8.242974281311035,,17.79578399658203,,41.69931411743164,37.78607940673828,,38.7656364440918,,,,,,,,
2002-12-01,57.336456298828125,27.822935104370117,7.542897701263428,3.272968053817749,,19.54767608642578,10.049860954284668,7.955649375915527,,17.199914932250977,,43.17863464355469,39.49606704711914,,40.288368225097656,,,,,,,,
2003-01-01,55.926246643066406,27.246719360351562,7.203616619110107,3.227851152420044,,19.041406631469727,9.6693754196167,7.67075252532959,,16.459875106811523,,42.84789276123047,39.268646240234375,,39.96147537231445,,,,,,,,
2003-02-01,55.172454833984375,26.42829704284668,6.967332363128662,3.0555903911590576,,19.238290786743164,9.206172943115234,7.2998456954956055,,16.112430572509766,,43.792232513427734,40.484920501708984,,40.75262451171875,,,,,,,,
2003-03-01,55.290489196777344,26.484811782836914,7.052153587341309,3.4247210025787354,,18.169490814208984,9.197898864746094,6.998822212219238,,15.738934516906738,,43.62580490112305,39.932430267333984,,40.801883697509766,,,,,,,,
2003-04-01,59.96875762939453,29.20685577392578,8.191161155700684,4.142479419708252,,18.028858184814453,10.190478324890137,8.208296775817871,7.516478538513184,17.33888816833496,,43.685951232910156,40.35105895996094,,41.763885498046875,,,,,,,,
2003-05-01,63.257179260253906,32.38135528564453,8.530438423156738,4.3557538986206055,,19.097652435302734,10.810842514038086,8.702836990356445,8.202193260192871,18.45763397216797,,45.34207534790039,42.90109634399414,,43.394901275634766,,,,,,,,
2003-06-01,63.93097686767578,32.755130767822266,8.760662078857422,4.351652145385742,,20.447711944580078,10.860467910766602,8.869475364685059,8.546477317810059,18.81549644470215,,45.02851104736328,42.125999450683594,,43.31667709350586,,,,,,,,
2003-07-01,65.0834732055664,34.884765625,9.160528182983398,4.478799343109131,,21.375871658325195,10.744670867919922,9.046862602233887,9.031181335449219,19.10039520263672,,42.76801300048828,37.92146301269531,,40.80167007446289,,,,,,,,
2003-08-01,66.42589569091797,36.5538330078125,9.063591957092285,5.028393745422363,,23.344701766967773,10.761211395263672,9.068363189697266,9.752532958984375,19.72926139831543,,43.07170104980469,38.41655731201172,,41.393638610839844,,,,,,,,
2003-09-01,65.70143127441406,35.84192657470703,9.342286109924316,5.204756736755371,,24.638505935668945,11.092071533203125,9.165122032165527,9.689095497131348,20.32511329650879,,45.214698791503906,40.69628143310547,,43.271846771240234,,,,,,,,
2003-10-01,69.21820068359375,38.962623596191406,9.675504684448242,5.729744911193848,,25.988567352294922,11.968851089477539,9.702668190002441,10.578669548034668,21.645383834838867,,44.551658630371094,39.46272659301758,,42.72528839111328,,,,,,,,
2003-11-01,69.97412109375,40.421424865722656,9.881495475769043,6.057861804962158,,25.20102882385254,12.250082969665527,10.240212440490723,10.77754020690918,22.192584991455078,,44.56172561645508,39.59665298461914,,42.85654830932617,,,,,,,,
2003-12-01,73.4947738647461,41.150787353515625,10.826898574829102,7.1013641357421875,,27.11952018737793,13.547181129455566,11.221233367919922,11.745847702026367,24.13167953491211,,45.470829010009766,40.128597259521484,49.318946838378906,43.95878982543945,,,,,,,,
2004-01-01,74.9477310180664,42.93349838256836,11.644617080688477,6.666926860809326,,27.1757869720459,13.477617263793945,11.3973388671875,12.030305862426758,24.403371810913086,,45.93257522583008,40.875301361083984,49.92023468017578,44.49552536010742,,,,,,,,
2004-02-01,75.96485900878906,43.34201431274414,12.481358528137207,6.976044654846191,,27.316455841064453,14.121066093444824,11.672503471374512,12.506070137023926,24.964418411254883,,46.67292022705078,41.80800247192383,50.99182891845703,45.16606140136719,,,,,,,,
2004-03-01,74.95864868164062,43.756412506103516,13.159619331359863,7.017817974090576,,30.579797744750977,13.781947135925293,11.226737022399902,12.574856758117676,24.9820613861084,,47.27828598022461,42.3979377746582,51.84042739868164,45.612796783447266,,,,,,,,
2004-04-01,73.54034423828125,41.341617584228516,11.923527717590332,5.973501682281494,,28.526138305664062,13.555876731872559,10.962578773498535,11.342447280883789,24.135208129882812,,45.22343826293945,39.75432586669922,49.34074401855469,43.83952713012695,,,,,,,,
2004-05-01,74.79959106445312,42.23090362548828,12.26583480834961,5.906666278839111,,28.104156494140625,13.825427055358887,11.36431884765625,11.47500991821289,24.410432815551758,,44.983280181884766,39.6517219543457,50.33720016479492,43.610137939453125,,,,,,,,
2004-06-01,76.18350219726562,44.01771545410156,12.35457706451416,6.144768238067627,,29.87648582458496,14.042811393737793,11.650493621826172,11.581050872802734,25.229053497314453,,45.277122497558594,40.06941223144531,50.26616287231445,43.66530990600586,,,,,,,,
2004-07-01,73.72895050048828,41.03693771362305,12.069327354431152,6.579203128814697,,27.682167053222656,13.712392807006836,11.243244171142578,11.159737586975098,24.15285301208496,,45.82577896118164,40.683109283447266,50.673213958740234,44.347564697265625,,,,,,,,
2004-08-01,73.90856170654297,40.41764831542969,12.310208320617676,7.1097187995910645,,28.076013565063477,13.868901252746582,11.276267051696777,11.55382251739502,24.440431594848633,,47.12250518798828,42.377864837646484,52.03726577758789,45.71387481689453,,,,,,,,
2004-09-01,74.650390625,42.573326110839844,12.963116645812988,7.744663238525391,,27.28831672668457,14.199325561523438,11.633980751037598,12.359903335571289,24.94676971435547,,47.27442169189453,42.780216217041016,52.0802001953125,45.85623550415039,,,,,19.483335494995117,,,
2004-10-01,75.61221313476562,43.448341369628906,13.603346824645996,7.849098205566406,,27.935359954833984,14.60799789428711,12.21182918548584,12.711709022521973,25.820083618164062,,47.74210739135742,43.53520584106445,52.65010452270508,46.39870071411133,,,,,20.588363647460938,,,
2004-11-01,78.97826385498047,47.44575881958008,14.782391548156738,8.709614753723145,,29.004392623901367,15.442741394042969,12.861215591430664,13.976362228393555,27.390289306640625,,46.79780578613281,42.49216079711914,52.47887420654297,45.83269500732422,,,,,21.402591705322266,,,45.119998931884766
2004-12-01,81.35722351074219,48.579959869384766,16.127883911132812,9.489559173583984,,30.8464298248291,16.033283233642578,13.309799194335938,14.63968276977539,28.70686912536621,,47.34409713745117,43.621944427490234,53.401947021484375,46.47022247314453,,,,,22.420372009277344,,,43.79999923706055
2005-01-01,79.53312683105469,46.606754302978516,16.083011627197266,9.190876007080078,,29.914247512817383,15.643305778503418,13.103580474853516,14.562080383300781,28.160490036010742,,47.75652313232422,45.17860412597656,53.406982421875,47.04104232788086,,,,,20.501455307006836,,,42.220001220703125
2005-02-01,81.19564056396484,47.372039794921875,17.217607498168945,10.692819595336914,,30.535694122314453,16.467567443847656,13.761266708374023,15.97201156616211,29.226375579833984,,47.10299301147461,44.51353073120117,53.12491989135742,46.600608825683594,,,,,21.15166664123535,,,43.529998779296875
2005-03-01,79.7103500366211,46.029136657714844,15.46763801574707,9.719969749450684,,29.631771087646484,16.06873321533203,13.477012634277344,14.708584785461426,28.45965576171875,,46.912986755371094,44.31118392944336,53.241180419921875,46.01236343383789,,,,,20.790508270263672,,,42.81999969482422
2005-04-01,78.21695709228516,43.4252815246582,15.095848083496094,9.323149681091309,,28.95383644104004,15.873746871948242,13.025546073913574,14.525086402893066,27.999265670776367,,48.09353256225586,46.023860931396484,54.18756103515625,46.75855255126953,,,,,21.990114212036133,,,43.349998474121094
2005-05-01,80.7374496459961,46.23263168334961,16.583005905151367,10.150922775268555,,28.58660316467285,15.749659538269043,13.276366233825684,14.984186172485352,27.757444381713867,,48.977603912353516,47.46787643432617,54.59930419921875,47.04971694946289,,,,,22.764442443847656,,,41.650001525878906
2005-06-01,80.85974884033203,48.117210388183594,17.358627319335938,10.590417861938477,,28.643102645874023,15.926923751831055,13.398981094360352,15.5789155960083,28.15512466430664,,49.2119140625,48.49546432495117,54.88179397583008,47.623661041259766,,,,,23.81102180480957,,,43.439998626708984
2005-07-01,83.95358276367188,51.28221130371094,18.865009307861328,10.825092315673828,,28.95383644104004,16.042142868041992,14.062243461608887,16.775617599487305,28.99886131286621,,48.13565444946289,46.85591506958008,53.52547073364258,47.230072021484375,,,,,25.51064109802246,,,42.81999969482422
2005-08-01,83.16658020019531,50.25489807128906,18.743215560913086,11.985686302185059,,31.439613342285156,16.680278778076172,14.251740455627441,16.99755859375,30.111309051513672,,49.09864807128906,48.48488998413086,54.8802490234375,47.939964294433594,,,,,24.476266860961914,,,43.400001525878906
2005-09-01,83.83403778076172,50.30253219604492,20.999574661254883,14.217269897460938,,34.433868408203125,16.80436897277832,14.469117164611816,18.468406677246094,31.223752975463867,,48.238338470458984,46.73318099975586,54.79543685913086,47.04783248901367,,,,,24.80345344543457,,,46.70000076293945
2005-10-01,81.85128021240234,48.324989318847656,20.55727767944336,13.47482967376709,,34.20789337158203,16.39665985107422,13.906179428100586,17.29781723022461,30.22953224182129,,47.640499114990234,45.6859130859375,54.07652282714844,46.30366134643555,,,,,24.08949851989746,,,46.400001525878906
2005-11-01,85.44884490966797,51.10569763183594,22.17904281616211,14.422080993652344,,35.19654846191406,16.423255920410156,14.1012544631958,18.298696517944336,30.928176879882812,,47.93843078613281,46.00129318237305,54.17192459106445,46.60786437988281,,,,,25.090662002563477,,,49.099998474121094
2005-12-01,85.28532409667969,50.747962951660156,23.194210052490234,14.488058090209961,,38.353424072265625,16.97714614868164,14.658036231994629,19.415996551513672,32.53105545043945,,48.59318923950195,47.37289810180664,54.731868743896484,47.00914001464844,,,,,25.09674835205078,,,51.58000183105469
2006-01-01,87.33342742919922,55.030208587646484,25.227195739746094,17.948345184326172,,39.771812438964844,18.009666442871094,15.82594108581543,22.17274284362793,34.4085807800293,,48.25153350830078,46.738853454589844,54.74782943725586,46.80393981933594,,,,,26.988691329956055,,,56.70000076293945
2006-02-01,87.8333969116211,55.20516586303711,24.869962692260742,17.891895294189453,,39.147705078125,17.909156799316406,15.588971138000488,21.319093704223633,34.1677360534668,,48.201541900634766,47.25669860839844,54.74782943725586,47.12339401245117,,,,,27.490127563476562,,18.46367645263672,56.06999969482422
2006-03-01,89.28300476074219,57.91509246826172,24.902437210083008,17.34485626220703,,40.84979248046875,18.42084312438965,16.48041534423828,21.781118392944336,35.536190032958984,,47.54705047607422,45.09710693359375,53.57674026489258,46.33012390136719,,,,,28.78628921508789,,18.978979110717773,58.099998474121094
2006-04-01,90.41080474853516,58.09043884277344,26.305389404296875,19.21175765991211,,41.9845085144043,19.59956169128418,17.095394134521484,23.20018768310547,37.238548278808594,,47.24884033203125,43.855857849121094,53.451011657714844,46.23643493652344,,,,,27.807262420654297,,20.310834884643555,65.08999633789062
2006-05-01,87.68758392333984,54.789493560791016,23.363086700439453,16.04236602783203,,39.71508026123047,19.0787353515625,16.745594024658203,20.61505889892578,35.81536102294922,,47.19840621948242,43.77214431762695,53.60963821411133,46.14857482910156,,,,,27.05707359313965,,20.231557846069336,64.2300033569336
2006-06-01,87.91629028320312,54.76658630371094,24.129514694213867,16.9845027923584,,38.69382858276367,19.23406410217285,16.897932052612305,20.65906524658203,35.793460845947266,,47.3067626953125,44.287906646728516,53.83891677856445,46.10894012451172,,,,,28.399391174316406,,20.057147979736328,61.22999954223633
2006-07-01,88.30997467041016,53.20139694213867,25.870216369628906,17.136459350585938,,38.4952507019043,19.736618041992188,17.038978576660156,21.143091201782227,36.08358383178711,,48.100196838378906,45.2459716796875,54.652347564697266,46.781654357910156,,,,,29.50450897216797,,20.5010986328125,63.15999984741211
2006-08-01,90.23712921142578,54.797119140625,26.870468139648438,17.006206512451172,,38.89240646362305,20.166072845458984,17.653968811035156,21.47750473022461,37.00318145751953,,48.948490142822266,46.628761291503906,55.56117248535156,47.822776794433594,,,,,30.532546997070312,,19.819316864013672,62.290000915527344
2006-09-01,92.6736831665039,55.148712158203125,28.065582275390625,16.70229148864746,,38.410152435302734,20.001604080200195,17.78373146057129,21.29049301147461,37.085296630859375,,49.53957748413086,47.52167892456055,55.62275695800781,48.240028381347656,,,,,31.132781982421875,,18.986906051635742,59.470001220703125
2006-10-01,95.59441375732422,58.388694763183594,30.1829891204834,18.226211547851562,,39.176082611083984,20.92447280883789,18.161745071411133,22.793174743652344,38.47564697265625,,49.80635452270508,47.924041748046875,55.58185958862305,48.72311019897461,,,,,33.009422302246094,,19.177169799804688,60.2400016784668
2006-11-01,97.4953842163086,59.798065185546875,31.33913803100586,19.259521484375,,39.176082611083984,21.518400192260742,18.985488891601562,24.157245635986328,39.657997131347656,,50.459564208984375,49.030181884765625,56.17791748046875,49.435123443603516,,,,,34.5876579284668,,20.43767738342285,64.38999938964844
2006-12-01,98.79898834228516,60.021026611328125,33.5922737121582,20.762731552124023,,40.597896575927734,22.13153076171875,19.576784133911133,25.476177215576172,40.92593765258789,,49.81583786010742,47.70849609375,54.88358688354492,48.99211502075195,,,,,33.95035171508789,,19.963539123535156,63.209999084472656
2007-01-01,100.28492736816406,61.03641128540039,34.36571502685547,20.93999671936035,,40.88359069824219,22.282791137695312,19.645414352416992,25.505189895629883,41.49607467651367,,49.616451263427734,47.23370361328125,55.01136016845703,49.03803253173828,,,,,36.930931091308594,,19.484344482421875,64.83000183105469
2007-02-01,98.31764221191406,60.63641357421875,33.08757019042969,20.306255340576172,,42.16923141479492,21.9519100189209,19.49671173095703,24.679567337036133,41.445770263671875,,50.63606643676758,48.83443832397461,56.10012435913086,50.01902770996094,,,,,35.93449020385742,,20.47521209716797,66.4800033569336
2007-03-01,99.45700073242188,61.23079299926758,35.414451599121094,21.81304931640625,,41.62640380859375,22.755495071411133,20.120105743408203,25.996089935302734,42.647491455078125,,50.56610107421875,48.00410461425781,56.2828483581543,49.68143081665039,,,,,35.1888542175293,,20.613283157348633,65.73999786376953
2007-04-01,103.86256408691406,62.22494888305664,36.27965545654297,23.293243408203125,,40.797874450683594,23.49289894104004,21.64712905883789,26.964540481567383,44.2460823059082,,50.872779846191406,48.43858337402344,56.65688705444336,50.12436294555664,31.60007667541504,,,,35.14452362060547,,20.76759910583496,67.08999633789062
2007-05-01,107.38558959960938,64.94549560546875,41.20214080810547,26.275819778442383,,41.71212387084961,23.993953704833984,22.259084701538086,28.330169677734375,45.291290283203125,70.16236877441406,50.16386795043945,47.317771911621094,55.913841247558594,49.50749206542969,31.718027114868164,,,,35.01148223876953,,20.718870162963867,65.54000091552734
2007-06-01,105.8155517578125,64.01140594482422,40.546688079833984,27.219789505004883,,41.454986572265625,24.1546688079834,21.961685180664062,29.372249603271484,45.14597702026367,70.46874237060547,49.929298400878906,46.838226318359375,55.79376983642578,49.10641098022461,30.718074798583984,,,,31.857730865478516,,20.873186111450195,64.2699966430664
2007-07-01,102.50239562988281,59.532928466796875,38.5344352722168,28.185903549194336,,41.2264289855957,23.34163475036621,21.08664894104004,29.582000732421875,44.11193084716797,70.75029754638672,51.05613327026367,48.39281463623047,57.07740783691406,48.70176696777344,29.526201248168945,,,,29.226499557495117,,21.27115821838379,65.79000091552734
2007-08-01,103.81783294677734,60.79926681518555,38.31158447265625,27.277393341064453,,40.19790267944336,23.388904571533203,20.93795394897461,29.889934539794922,43.83245849609375,71.05157470703125,52.21151351928711,49.2579345703125,57.54665756225586,49.86384963989258,31.059789657592773,,,,31.197683334350586,,20.86506462097168,66.5199966430664
2007-09-01,107.83702087402344,61.95342254638672,38.5344352722168,32.59548568725586,,40.96929168701172,24.324832916259766,21.995996475219727,33.34864044189453,46.163265228271484,71.18651580810547,52.25761795043945,49.37034606933594,58.28355407714844,50.22956085205078,31.967500686645508,,,,32.419776916503906,,22.830554962158203,73.51000213623047
2007-10-01,109.30004119873047,63.71823501586914,40.5598030090332,37.93574142456055,,41.02643966674805,25.73347282409668,22.813840866088867,37.307193756103516,48.125160217285156,71.46662139892578,52.8204460144043,50.266971588134766,58.963218688964844,50.7140998840332,32.12059020996094,,,,33.10028076171875,,24.77168083190918,78.62000274658203
2007-11-01,105.0665283203125,59.329471588134766,38.036277770996094,35.87496566772461,,40.19790267944336,24.220844268798828,22.3105525970459,34.453208923339844,46.38125991821289,71.749267578125,54.958343505859375,52.956878662109375,61.39126968383789,51.231143951416016,31.759416580200195,,,,29.965402603149414,,24.617361068725586,77.31999969482422
2007-12-01,103.88343048095703,58.94679260253906,37.40538024902344,36.29790115356445,,38.36396026611328,23.55837059020996,21.953996658325195,33.968544006347656,44.99849319458008,71.91837310791016,54.98612976074219,52.62447738647461,61.42955780029297,50.81953811645508,31.733230590820312,40.8869743347168,,,28.343358993530273,,26.26776695251465,82.45999908447266
2008-01-01,97.60253143310547,55.09468078613281,37.05137634277344,34.404273986816406,,36.71854782104492,21.679962158203125,19.62755584716797,30.937833786010742,41.4673957824707,72.20113372802734,56.831390380859375,53.72737503051758,63.62432098388672,52.123512268066406,31.15352439880371,41.27427673339844,,,28.12200164794922,,27.033496856689453,91.4000015258789
2008-02-01,95.08025360107422,53.479278564453125,37.124855041503906,37.57079315185547,,36.170082092285156,21.425594329833984,19.587141036987305,31.554824829101562,41.043216705322266,72.31920623779297,57.53574752807617,53.48280334472656,64.52947998046875,51.75535202026367,30.571136474609375,41.10645294189453,,,27.227338790893555,,30.046464920043945,96.18000030517578
2008-03-01,94.23003387451172,53.123191833496094,39.476036071777344,34.64716720581055,,35.70820617675781,21.09296417236328,20.170202255249023,30.37055206298828,41.21519088745117,72.48794555664062,58.30517578125,54.62673568725586,64.43917083740234,51.4462890625,30.86037254333496,41.14472198486328,,,28.993106842041016,,29.771804809570312,90.41000366210938
2008-04-01,98.7212142944336,55.54249572753906,39.028507232666016,40.62485885620117,,38.3350830078125,22.345232009887695,21.047666549682617,33.145904541015625,43.456512451171875,72.44055938720703,56.89571762084961,53.268516540527344,63.537235260009766,52.08661651611328,31.90869903564453,41.62266540527344,,,30.842641830444336,,31.569599151611328,86.6500015258789
2008-05-01,100.21353149414062,58.08623123168945,42.06769943237305,44.636962890625,,39.08561325073242,22.296316146850586,21.64803695678711,34.19456481933594,43.97242736816406,72.51019287109375,55.8843994140625,51.83653259277344,63.6051025390625,50.93802261352539,31.746429443359375,41.66621017456055,,,30.777587890625,,33.7502555847168,87.44999694824219
2008-06-01,91.83807373046875,53.714420318603516,38.4025764465332,40.44950866699219,,36.16952896118164,20.733861923217773,19.312381744384766,31.024890899658203,40.10863494873047,72.67961120605469,56.524776458740234,53.212074279785156,64.74335479736328,50.280025482177734,30.57985496520996,40.84074020385742,,,27.510417938232422,,37.27093505859375,91.4000015258789
2008-07-01,91.01287078857422,55.6873664855957,36.4871711730957,36.80276107788086,,34.8062858581543,19.8832950592041,18.922771453857422,29.317289352416992,38.776939392089844,72.8159408569336,56.93210220336914,53.0166015625,64.34870910644531,50.476219177246094,30.760339736938477,41.162498474121094,,,28.36748504638672,,33.62540817260742,90.08000183105469
2008-08-01,92.41936492919922,57.67844772338867,35.21247482299805,33.24208068847656,,33.094970703125,19.212846755981445,18.287416458129883,27.465669631958008,37.12984085083008,72.87310028076172,57.801246643066406,54.46889877319336,64.85108184814453,50.549293518066406,30.484207153320312,41.456947326660156,,,29.040878295898438,,31.428104400634766,81.70999908447266
2008-09-01,83.71589660644531,53.207496643066406,31.476083755493164,25.509159088134766,,30.919572830200195,16.66114044189453,16.03371238708496,23.433256149291992,32.88359069824219,73.2435302734375,57.72018051147461,55.272804260253906,62.2427864074707,45.12511444091797,27.235836029052734,38.494850158691406,,,29.004940032958984,,28.20705795288086,85.06999969482422
2008-10-01,69.88716888427734,42.05741500854492,20.84017562866211,17.06046485900879,,26.104707717895508,13.368937492370605,12.287514686584473,17.439504623413086,26.032346725463867,73.07321166992188,57.222084045410156,54.24436950683594,57.20763397216797,44.24919891357422,24.117324829101562,31.029251098632812,,,19.80254554748535,,21.132400512695312,71.33999633789062
2008-11-01,65.02257537841797,37.041812896728516,19.8217716217041,15.92792797088623,,25.1185302734375,12.508365631103516,11.598217964172363,15.738758087158203,24.373577117919922,73.03658294677734,61.659000396728516,62.02373123168945,57.70932388305664,45.73324203491211,22.406021118164062,33.998321533203125,,,15.303923606872559,,18.518943786621094,80.30999755859375
2008-12-01,65.6595230102539,38.821937561035156,22.043415069580078,16.580360412597656,,28.017419815063477,12.611613273620605,12.825600624084473,17.365123748779297,26.53513526916504,73.05877685546875,64.83827209472656,70.49146270751953,61.46243667602539,52.05095291137695,26.162626266479492,40.017269134521484,,,17.86135482788086,,17.914823532104492,86.5199966430664
2009-01-01,60.26792907714844,35.06903076171875,18.91485595703125,16.822031021118164,,24.654157638549805,11.4276704788208,10.686976432800293,15.751708030700684,22.891427993774414,73.20232391357422,62.31788635253906,61.277652740478516,61.43766784667969,51.11394119262695,25.897598266601562,37.230857849121094,,,14.7301025390625,,17.1201114654541,91.30999755859375
2009-02-01,53.79217529296875,30.866750717163086,16.31226921081543,16.206012725830078,,21.554113388061523,10.315788269042969,9.639115333557129,14.764180183410645,20.513559341430664,73.19915008544922,61.859901428222656,60.338924407958984,60.087520599365234,48.45399475097656,23.38143539428711,35.14369201660156,,,11.706658363342285,,16.156314849853516,92.62999725341797
2009-03-01,58.273677825927734,33.26128387451172,18.662107467651367,17.864519119262695,,23.104137420654297,10.789363861083984,10.539908409118652,17.253856658935547,22.23485565185547,73.19436645507812,63.90972137451172,62.7810173034668,63.636314392089844,48.68263626098633,23.827409744262695,36.93907928466797,,,12.132946014404297,,16.90875244140625,90.27999877929688
2009-04-01,64.06291198730469,38.379005432128906,21.339832305908203,21.371078491210938,,24.88813018798828,12.076266288757324,11.734838485717773,19.938247680664062,24.79608726501465,73.23907470703125,62.155235290527344,58.416465759277344,62.49392318725586,50.034427642822266,27.1265811920166,39.79349136352539,,,15.85578441619873,,16.891841888427734,87.2699966430664
2009-05-01,67.80763244628906,39.684146881103516,25.096845626831055,26.157068252563477,,27.403257369995117,14.13530445098877,13.444510459899902,23.116411209106445,28.06713104248047,73.24706268310547,60.86409378051758,56.25804138183594,63.74171829223633,51.1936149597168,27.901161193847656,40.94743728637695,,,16.270538330078125,,19.639514923095703,96.19999694824219
2009-06-01,67.76322937011719,40.403968811035156,25.315837860107422,25.31073570251465,,27.728294372558594,13.84692096710205,12.862278938293457,22.596410751342773,27.67282485961914,73.23750305175781,60.525020599365234,56.6805534362793,63.86799621582031,52.67387008666992,28.836315155029297,41.34028625488281,,,15.750370979309082,,19.12380027770996,91.18000030517578
2009-07-01,72.81874084472656,44.10944747924805,28.02186393737793,27.523099899291992,,29.022083282470703,15.02092456817627,14.206945419311523,25.085311889648438,30.451574325561523,73.19117736816406,61.02840042114258,57.007110595703125,63.924198150634766,55.11402893066406,30.831527709960938,42.626766204833984,,,17.446792602539062,,19.478883743286133,93.3499984741211
2009-08-01,75.50862884521484,45.40325927734375,29.141374588012695,27.814573287963867,,30.05123519897461,15.670815467834473,15.306554794311523,24.75579071044922,31.822830200195312,73.24227905273438,61.49433135986328,58.278831481933594,64.46200561523438,55.836021423339844,30.308340072631836,43.6650505065918,,,19.945728302001953,,18.692625045776367,93.4000015258789
2009-09-01,78.18597412109375,47.92888259887695,29.999879837036133,32.320518493652344,,29.22791862487793,16.257816314697266,16.318187713623047,27.279743194580078,33.03099060058594,73.26142120361328,62.185707092285156,59.71137237548828,65.76605224609375,56.818172454833984,32.065956115722656,45.94114685058594,,,21.26070785522461,,18.650354385375977,98.8499984741211
2009-10-01,76.68279266357422,44.81795883178711,29.944931030273438,32.88914108276367,,28.081146240234375,16.236846923828125,15.394519805908203,26.34027671813965,32.197357177734375,73.26463317871094,62.09992599487305,58.149314880371094,66.51880645751953,56.53567886352539,31.89185905456543,45.69657897949219,,,20.31178855895996,,19.943872451782227,102.52999877929688
2009-11-01,81.40702056884766,46.218265533447266,32.90509796142578,36.53977584838867,,28.110546112060547,17.05445671081543,16.24906349182129,28.40851593017578,33.45988464355469,73.2342529296875,63.35258102416992,58.85456466674805,68.38084411621094,57.63958740234375,32.4290657043457,46.06008529663086,,,21.645397186279297,,20.848487854003906,115.63999938964844
2009-12-01,82.9619369506836,49.88095474243164,33.91831970214844,36.80661392211914,,28.89826202392578,17.17972183227539,16.319326400756836,29.33912467956543,33.69732666015625,73.25666809082031,60.56332015991211,55.119850158691406,66.95226287841797,56.447959899902344,33.623985290527344,46.169368743896484,,,23.244287490844727,,20.814674377441406,107.30999755859375
2010-01-01,79.94691467285156,48.01960754394531,31.9263858795166,31.91288185119629,,29.194961547851562,16.3631534576416,15.044082641601562,27.062694549560547,31.99051284790039,73.25666809082031,61.99873733520508,56.60379409790039,67.97682189941406,57.15254592895508,33.007694244384766,45.91984939575195,,,21.96101951599121,,19.182979583740234,105.95999908447266
2010-02-01,82.44084930419922,50.168540954589844,33.7586784362793,33.728302001953125,,29.491661071777344,16.225296020507812,14.905195236206055,27.54343605041504,32.07585144042969,73.24066925048828,62.20452117919922,56.409942626953125,67.09101867675781,57.44213104248047,33.626041412353516,46.53014373779297,,,23.187143325805664,,19.977689743041992,109.43000030517578
2010-03-01,87.45977783203125,54.297767639160156,37.041561126708984,36.328094482421875,,30.97513771057129,17.253955841064453,15.820589065551758,29.77745819091797,34.12403106689453,73.24066925048828,61.547142028808594,55.24938201904297,67.0871353149414,57.8165397644043,34.34346389770508,47.744232177734375,,,25.549163818359375,,19.884693145751953,108.94999694824219
2010-04-01,88.81281280517578,57.38104248046875,36.77781295776367,35.64732360839844,,30.826799392700195,16.882789611816406,14.873628616333008,29.72796630859375,33.1669921875,73.20874786376953,62.56431198120117,57.08470916748047,68.7744140625,58.919586181640625,35.00441360473633,47.987640380859375,,,27.375972747802734,,20.66249656677246,115.36000061035156
2010-05-01,81.7562026977539,53.05644226074219,33.93219757080078,31.335693359375,,28.21586036682129,15.026955604553223,12.979701042175293,26.935447692871094,29.454679489135742,73.24066925048828,64.39944458007812,60.00083541870117,68.90623474121094,58.148765563964844,33.36776351928711,47.11456298828125,,,25.91556739807129,,18.565807342529297,118.87999725341797
2010-06-01,77.5261001586914,48.94807052612305,33.392059326171875,30.628080368041992,,27.492895126342773,14.50369644165039,12.63070011138916,26.558713912963867,28.847339630126953,73.25666809082031,66.36251831054688,63.479549407958984,69.7880859375,60.05522537231445,33.73855209350586,48.24266815185547,,,24.564783096313477,,18.236087799072266,121.68000030517578
2010-07-01,82.8211441040039,52.24271774291992,35.532657623291016,34.86339569091797,,28.777875900268555,16.608028411865234,14.464605331420898,29.46224021911621,32.19663619995117,73.22467803955078,66.96615600585938,62.87881088256836,69.61854553222656,61.32280731201172,35.477169036865234,50.19784164428711,21.276655197143555,,26.92140007019043,,19.352066040039062,115.48999786376953
2010-08-01,79.09583282470703,48.35385513305664,33.531517028808594,33.56060028076172,,28.03078842163086,16.143997192382812,13.46370792388916,28.508628845214844,30.974777221679688,73.22467803955078,69.21357727050781,68.15489959716797,70.97058868408203,63.07383728027344,35.126129150390625,51.49712371826172,21.251930236816406,,26.577938079833984,,18.768714904785156,122.08000183105469
2010-09-01,86.17925262451172,54.371620178222656,36.948116302490234,38.11791229248047,,29.55484962463379,17.654800415039062,15.491332054138184,31.86048698425293,34.06354522705078,73.22467803955078,69.21148681640625,66.43714141845703,71.52810668945312,63.361785888671875,36.410972595214844,52.326358795166016,22.376127243041992,,27.766162872314453,,20.383499145507812,127.91000366210938
2010-10-01,89.47145080566406,56.627071380615234,40.106719970703125,38.16249465942383,,29.943355560302734,18.399410247802734,16.350173950195312,32.82122039794922,35.35985565185547,73.24066925048828,69.20664978027344,63.4678840637207,73.29785919189453,63.195316314697266,37.07990264892578,53.343482971191406,22.724836349487305,,29.08302879333496,,21.288118362426758,132.6199951171875
2010-11-01,89.47145080566406,58.60055160522461,41.208396911621094,37.0776481628418,,30.690433502197266,17.438966751098633,14.522719383239746,31.86760902404785,33.65420913696289,73.24066925048828,68.58499908447266,62.395713806152344,72.05715942382812,62.17451095581055,36.607276916503906,50.982906341552734,21.791505813598633,,28.544553756713867,25.454055786132812,21.195119857788086,135.4199981689453
2010-12-01,95.45282745361328,63.30813980102539,43.389915466308594,39.67894744873047,,32.82630920410156,18.933744430541992,15.905470848083496,34.186866760253906,36.45021057128906,73.22467803955078,66.23194885253906,60.087684631347656,71.0572738647461,61.70692443847656,37.629695892333984,51.17328643798828,22.386024475097656,,29.84353256225586,27.38481903076172,23.291805267333984,138.72000122070312
2011-01-01,97.6769027709961,63.07347106933594,42.57705307006836,37.52582931518555,,32.8864860534668,19.140846252441406,16.913795471191406,32.87364959716797,37.214027404785156,73.22467803955078,66.2177963256836,58.23625183105469,71.07050323486328,61.729698181152344,38.250648498535156,50.642784118652344,21.982980728149414,,30.813705444335938,27.103395462036133,24.120336532592773,129.8699951171875
2011-02-01,101.0699234008789,66.56901550292969,42.82931137084961,38.074363708496094,,34.691776275634766,20.01287078857422,17.46674156188965,32.859291076660156,38.5350456237793,73.22467803955078,66.07976531982422,59.19728088378906,71.582763671875,62.39638900756836,38.799713134765625,50.61157989501953,22.23424530029297,,32.2635612487793,27.411884307861328,25.126405715942383,137.66000366210938
2011-03-01,101.08206176757812,68.24860382080078,44.04160690307617,39.73534393310547,38.04138946533203,31.051103591918945,19.52235984802246,17.518781661987305,34.925987243652344,37.614715576171875,73.22467803955078,65.9776382446289,59.214561462402344,72.434814453125,62.0590934753418,38.8161735534668,51.39726638793945,22.77873420715332,,31.74391746520996,27.379404067993164,25.794301986694336,139.86000061035156
2011-04-01,104.00953674316406,70.04866027832031,45.06468963623047,39.842987060546875,38.6864013671875,31.682964324951172,20.83038330078125,18.806842803955078,35.88042449951172,39.73085021972656,73.22467803955078,67.1924819946289,60.599727630615234,74.15731811523438,63.61333465576172,39.43631362915039,52.27442169189453,23.75229835510254,,33.568077087402344,28.602521896362305,26.969459533691406,152.3699951171875
2011-05-01,102.84312438964844,68.79186248779297,43.6982421875,38.56137466430664,38.42253875732422,30.90066146850586,20.339879989624023,18.26689910888672,34.82554626464844,38.85435104370117,73.24066925048828,68.87600708007812,62.67398452758789,74.35450744628906,64.42089080810547,39.48885726928711,53.03125762939453,23.506132125854492,,34.029544830322266,28.483463287353516,25.574487686157227,149.63999938964844
2011-06-01,101.10822296142578,67.13774871826172,44.15468215942383,38.1796989440918,37.34950256347656,31.65572166442871,19.74877166748047,18.311016082763672,34.499759674072266,38.3839225769043,73.24066925048828,68.52860260009766,61.21799087524414,74.91583251953125,63.907325744628906,39.263511657714844,53.36119842529297,23.586864471435547,,32.90683364868164,28.115440368652344,24.483871459960938,146.0
2011-07-01,99.08560180664062,64.85091400146484,43.625308990478516,36.73268127441406,37.08788299560547,32.505531311035156,19.67115020751953,16.668066024780273,34.14461135864258,37.47122573852539,73.24066925048828,70.7006607055664,63.92048263549805,77.83721160888672,65.46038818359375,39.40288543701172,54.414024353027344,23.931961059570312,,33.421512603759766,28.164154052734375,25.599849700927734,158.2899932861328
2011-08-01,93.63829040527344,59.08475112915039,41.486759185791016,34.093666076660156,33.350685119628906,29.895376205444336,18.163101196289062,14.958853721618652,30.98454475402832,34.19065856933594,73.24066925048828,73.98917388916016,70.0999526977539,78.3381118774414,65.6832046508789,38.3278923034668,54.694400787353516,24.05239486694336,,31.543468475341797,26.188758850097656,25.498395919799805,177.72000122070312
2011-09-01,87.13783264160156,52.49663543701172,34.569950103759766,27.071937561035156,26.98999786376953,28.711702346801758,16.377845764160156,12.620292663574219,25.439943313598633,30.495243072509766,73.22467803955078,75.64435577392578,79.35749053955078,78.33126068115234,65.91382598876953,36.29597091674805,52.07463455200195,21.402156829833984,,28.123550415039062,22.189271926879883,21.770017623901367,158.05999755859375
2011-10-01,96.64868927001953,60.42418670654297,39.016475677490234,32.46445846557617,31.272817611694336,28.529598236083984,18.49576759338379,14.24337387084961,29.57847023010254,33.4311637878418,73.19276428222656,74.67123413085938,76.3187255859375,79.95313262939453,67.56800842285156,39.378116607666016,54.758487701416016,22.642274856567383,,32.142791748046875,24.619281768798828,23.435529708862305,167.33999633789062
2011-11-01,96.25592803955078,60.195579528808594,38.840030670166016,30.72073745727539,31.168182373046875,28.62065315246582,18.196374893188477,13.607389450073242,28.99864387512207,32.70356369018555,73.20874786376953,75.10421752929688,77.83673095703125,80.3730697631836,65.43510437011719,38.42244338989258,54.05380630493164,21.8350830078125,,30.920988082885742,23.86159324645996,23.367895126342773,170.1300048828125
2011-12-01,97.26165771484375,60.505638122558594,38.198265075683594,30.099849700927734,30.142623901367188,27.981945037841797,18.18743896484375,13.096575736999512,27.76189613342285,31.992273330688477,73.19596099853516,76.5970230102539,80.51815032958984,80.5048828125,67.71763610839844,40.17146682739258,55.08740997314453,21.700496673583984,,32.42074203491211,22.74735450744629,22.691545486450195,151.99000549316406
2012-01-01,101.77208709716797,64.82923126220703,41.33171844482422,34.40582275390625,33.102203369140625,29.33344268798828,18.772682189941406,13.919290542602539,30.813230514526367,33.6781120300293,73.17998504638672,77.25730895996094,80.25252532958984,82.3469009399414,69.17005920410156,40.75988006591797,55.71483612060547,23.22333526611328,,34.48896789550781,24.904727935791016,23.528528213500977,169.30999755859375
2012-02-01,106.18959045410156,66.49463653564453,42.163047790527344,36.283451080322266,35.00529861450195,30.684938430786133,19.72932243347168,14.788829803466797,32.43767547607422,35.305824279785156,73.19596099853516,76.40753936767578,78.1683578491211,81.87084197998047,70.2995376586914,41.61677932739258,57.09144592285156,23.827465057373047,,34.09208679199219,26.62615394592285,24.788230895996094,164.2899932861328
2012-03-01,109.60506439208984,68.14686584472656,44.42252731323242,33.912803649902344,32.6076774597168,31.268535614013672,19.470458984375,14.762072563171387,31.42788314819336,35.45439910888672,73.17998504638672,75.19171142578125,74.85713195800781,81.16716003417969,69.3003921508789,41.220123291015625,57.022178649902344,23.437728881835938,,35.86493682861328,26.274038314819336,24.348602294921875,162.1199951171875
2012-04-01,108.87333679199219,67.04413604736328,43.93937683105469,31.6051025390625,33.60419845581055,29.917036056518555,19.751829147338867,13.859089851379395,30.893722534179688,34.718040466308594,73.19596099853516,77.07842254638672,78.47592163085938,82.61578369140625,70.05037689208984,41.688655853271484,58.04106140136719,23.6480770111084,,36.89045333862305,26.76586151123047,24.018882751464844,161.8800048828125
2012-05-01,102.33487701416016,62.63321304321289,38.7098503112793,27.293886184692383,30.419849395751953,27.306203842163086,17.50090789794922,12.414323806762695,27.586288452148438,30.8490047454834,73.19596099853516,79.2901611328125,85.55862426757812,84.22374725341797,70.58076477050781,40.34596633911133,56.43291091918945,21.79305076599121,,35.22821807861328,24.770586013793945,21.33884620666504,151.6199951171875
2012-06-01,106.48775482177734,65.79753875732422,44.09173583984375,27.656423568725586,31.266033172607422,29.181949615478516,18.76824378967285,13.448507308959961,28.975358963012695,33.02180099487305,73.16400909423828,78.96172332763672,84.12281799316406,83.66046142578125,71.1958999633789,42.22479248046875,58.72681427001953,23.041589736938477,,37.17177963256836,26.715572357177734,21.770017623901367,155.19000244140625
2012-07-01,107.74744415283203,64.79683685302734,44.586822509765625,28.05763053894043,31.14375877380371,27.87946128845215,18.92953872680664,13.393558502197266,28.967954635620117,33.0482292175293,73.16400909423828,80.06803894042969,87.33403778076172,85.12834930419922,73.67566680908203,42.65644073486328,60.9248161315918,23.616168975830078,,37.9160041809082,27.498043060302734,23.038175582885742,156.49000549316406
2012-08-01,110.4468002319336,67.0876693725586,44.04150390625,28.20206069946289,30.379491806030273,28.096553802490234,19.551685333251953,14.15595817565918,29.08643341064453,34.10578155517578,73.16400909423828,79.97413635253906,86.18216705322266,84.91801452636719,73.63602447509766,43.18735122680664,61.67644119262695,23.629791259765625,,37.91033172607422,28.364334106445312,24.34014892578125,164.22000122070312
2012-09-01,113.2467041015625,69.27535247802734,46.91876983642578,28.91888427734375,32.09906768798828,28.437671661376953,20.04711151123047,14.410090446472168,30.604440689086914,35.031124114990234,73.16400909423828,79.6956558227539,83.99935150146484,85.35261535644531,74.44613647460938,43.41217041015625,62.777618408203125,24.172122955322266,,37.2039794921875,29.155473709106445,24.247150421142578,171.88999938964844
2012-10-01,111.18585205078125,67.77262878417969,47.019222259521484,28.5390682220459,33.90273666381836,28.096553802490234,20.139280319213867,14.829071044921875,30.47115135192871,35.414493560791016,73.17998504638672,79.38008880615234,83.5927963256836,85.88538360595703,75.44825744628906,43.778587341308594,63.16719055175781,24.465696334838867,,36.86613082885742,29.983144760131836,23.300260543823242,166.8300018310547
2012-11-01,111.81515502929688,68.146240234375,48.260536193847656,27.59223175048828,34.60586929321289,28.93385887145996,20.369707107543945,15.406025886535645,30.9450626373291,36.39932632446289,73.16400909423828,80.15726470947266,84.56177520751953,86.3646011352539,74.9023666381836,43.99611282348633,63.733367919921875,24.631813049316406,,36.76879119873047,30.7711181640625,23.75679588317871,166.0500030517578
2012-12-01,112.81412506103516,70.61233520507812,50.731876373291016,30.208036422729492,37.13972473144531,30.561952590942383,20.963254928588867,16.281837463378906,33.05044174194336,37.99403762817383,73.16400909423828,79.40348815917969,82.45817565917969,85.6548843383789,74.65482330322266,44.612640380859375,64.188720703125,25.362119674682617,,38.1375846862793,32.55681610107422,23.48625946044922,162.02000427246094
2013-01-01,118.58910369873047,75.01724243164062,52.954505920410156,30.656234741210938,37.96676254272461,31.25155258178711,21.582563400268555,16.792577743530273,32.95356369018555,39.4106330871582,73.16400909423828,78.3767318725586,79.83160400390625,85.21046447753906,73.68610382080078,44.765560150146484,62.359092712402344,25.43602180480957,,39.56340408325195,33.08335876464844,24.069604873657227,161.1999969482422
2013-02-01,120.10215759277344,75.77092742919922,51.30012893676758,29.770620346069336,36.26675796508789,32.003849029541016,20.998308181762695,16.199012756347656,32.200897216796875,38.90279769897461,73.16400909423828,79.26435852050781,80.8204345703125,85.37268829345703,74.47899627685547,45.18308639526367,62.52383041381836,25.354461669921875,,40.044471740722656,33.05377197265625,22.936721801757812,153.0
2013-03-01,124.66255950927734,79.3011245727539,53.6522216796875,29.41961669921875,34.696929931640625,33.853248596191406,21.348867416381836,16.01955795288086,31.872995376586914,39.4106330871582,73.16400909423828,79.49166870117188,80.48146057128906,85.55612182617188,74.44422912597656,45.57726287841797,61.938289642333984,25.15627098083496,,41.19459533691406,33.94712448120117,23.088899612426758,154.4499969482422
2013-04-01,127.05766296386719,79.02400207519531,52.040992736816406,29.781429290771484,35.37080383300781,36.674346923828125,21.956499099731445,16.93062400817871,32.26050567626953,41.38851547241211,73.14807891845703,80.70416259765625,84.25192260742188,86.23381805419922,76.06222534179688,46.54261016845703,64.14759063720703,25.84897232055664,,43.96894454956055,36.27810287475586,22.209646224975586,142.77000427246094
2013-05-01,130.05743408203125,82.13121032714844,49.15662384033203,27.48099136352539,34.2757568359375,33.978614807128906,21.93313217163086,17.25501823425293,30.70299530029297,40.138980865478516,73.16400909423828,78.1982192993164,78.55570220947266,82.61787414550781,73.6148910522461,45.34122848510742,60.988128662109375,24.28435516357422,,41.34061813354492,32.65739059448242,21.863018035888672,133.9199981689453
2013-06-01,128.32188415527344,81.45940399169922,47.28596878051758,24.146760940551758,32.00985336303711,35.32191467285156,20.941909790039062,16.48162841796875,29.067834854125977,39.06407165527344,73.14807891845703,76.20718383789062,75.98593139648438,79.47667694091797,71.20950317382812,44.575584411621094,58.279781341552734,22.82773780822754,34.642982482910156,40.52129364013672,31.652734756469727,21.245845794677734,119.11000061035156
2013-07-01,134.95321655273438,87.43376922607422,47.88022232055664,23.94856834411621,33.341636657714844,35.32191467285156,22.28190803527832,18.001808166503906,29.4528865814209,41.14339828491211,73.14807891845703,75.93840789794922,74.2701644897461,80.19357299804688,71.99707794189453,45.847774505615234,58.37059783935547,23.10175132751465,34.73700714111328,40.88688278198242,32.032222747802734,21.922195434570312,127.95999908447266
2013-08-01,130.9055938720703,84.66717529296875,44.61913299560547,23.33746910095215,34.2425537109375,34.2200813293457,22.115888595581055,17.62706756591797,28.705429077148438,40.33893966674805,73.14807891845703,74.85816955566406,73.27464294433594,78.72907257080078,71.27826690673828,45.2645378112793,56.95165252685547,22.188220977783203,34.673763275146484,38.03294372558594,31.130922317504883,22.53936767578125,134.6199951171875
2013-09-01,135.04832458496094,90.16133880615234,46.3004035949707,26.376462936401367,36.075714111328125,37.52560806274414,23.266149520874023,19.005834579467773,30.774154663085938,43.49542236328125,73.13204193115234,76.24018859863281,73.75228118896484,80.1116714477539,71.80707550048828,45.61822509765625,58.746368408203125,23.147464752197266,34.933387756347656,39.35720443725586,33.685611724853516,21.778472900390625,128.17999267578125
2013-10-01,141.3019256591797,92.3432846069336,47.41642379760742,27.61517906188965,36.78077697753906,37.494117736816406,24.131820678710938,19.72703742980957,32.05765914916992,44.913455963134766,73.11610412597656,76.83319091796875,74.80723571777344,80.38720703125,73.1054916381836,46.766998291015625,60.23564529418945,23.68702507019043,35.29202651977539,41.136417388916016,34.356727600097656,21.770017623901367,127.73999786376953
2013-11-01,145.48983764648438,95.99674987792969,48.713619232177734,25.847942352294922,39.07614517211914,37.96635055541992,24.321544647216797,19.748252868652344,31.9746150970459,45.15889358520508,73.10014343261719,76.15990447998047,72.78501892089844,79.53773498535156,73.00361633300781,46.988311767578125,59.01750946044922,22.90867805480957,35.28776931762695,38.976356506347656,33.436180114746094,21.56711196899414,120.69999694824219
2013-12-01,149.26182556152344,97.93695831298828,49.93031692504883,24.927289962768555,37.950645446777344,38.5070915222168,25.0579891204834,20.207094192504883,31.844602584838867,46.141605377197266,73.10014343261719,74.56766510009766,71.42417907714844,78.38230895996094,73.16049194335938,47.179412841796875,59.186519622802734,22.840700149536133,35.092079162597656,39.016048431396484,33.315895080566406,21.69392967224121,116.12000274658203
2014-01-01,144.00057983398438,95.22024536132812,46.17820358276367,21.89227294921875,34.558536529541016,35.93782043457031,23.893896102905273,19.09197425842285,29.094385147094727,43.74169921875,73.10014343261719,76.85192108154297,75.9258804321289,80.02984619140625,74.5379867553711,47.36734390258789,58.70494079589844,21.841705322265625,35.594215393066406,40.68403625488281,31.542461395263672,21.034486770629883,120.08999633789062
2014-02-01,150.55490112304688,99.770751953125,44.29113006591797,22.874191284179688,35.62889862060547,36.825965881347656,25.514026641845703,20.633256912231445,30.0771484375,46.42354965209961,73.11610412597656,77.12661743164062,76.32373809814453,80.37931060791016,75.39138793945312,48.46080780029297,60.72718048095703,22.494726181030273,35.7634162902832,42.74482727050781,32.79609680175781,22.09128189086914,127.62000274658203
2014-03-01,151.80386352539062,99.02397155761719,46.95653533935547,25.12813949584961,35.40852737426758,35.93782043457031,24.7099666595459,20.739791870117188,31.242759704589844,46.21038818359375,73.10014343261719,76.69389343261719,76.88250732421875,79.951416015625,75.36947631835938,48.42131423950195,61.45024108886719,23.060474395751953,35.876853942871094,42.957210540771484,33.06517028808594,22.08283042907715,123.61000061035156
2014-04-01,152.85911560058594,95.31295013427734,46.90513610839844,26.243953704833984,34.50343704223633,35.14484405517578,25.8260555267334,21.336421966552734,31.486539840698242,46.98054885864258,73.10014343261719,77.27545166015625,78.49340057373047,81.00695037841797,76.3713607788086,48.62492370605469,62.10073471069336,23.370990753173828,36.09333419799805,44.368431091308594,33.81123352050781,22.328006744384766,124.22000122070312
2014-05-01,156.40640258789062,96.06197357177734,48.623321533203125,25.937103271484375,36.093238830566406,36.73079299926758,26.07806968688965,21.450063705444336,32.41597366333008,47.730098724365234,73.10014343261719,78.68605041503906,80.80857849121094,82.62821197509766,77.52786254882812,49.21148681640625,64.25401306152344,23.874961853027344,36.36201477050781,45.432952880859375,35.388954162597656,22.006742477416992,120.43000030517578
2014-06-01,159.63540649414062,101.1263427734375,49.95303726196289,27.188203811645508,37.07839584350586,38.450687408447266,26.288488388061523,21.13675308227539,33.194541931152344,48.1695671081543,73.08417510986328,78.51547241210938,80.60556030273438,82.93376159667969,77.53314971923828,49.51264953613281,64.28189086914062,24.12314796447754,36.58260726928711,45.94822311401367,35.71617126464844,22.471731185913086,128.0399932861328
2014-07-01,157.4903106689453,95.00383758544922,50.380313873291016,27.597902297973633,39.573204040527344,38.32292938232422,25.658973693847656,19.744552612304688,33.64756774902344,46.91548538208008,73.06816864013672,78.34232330322266,81.14088439941406,82.85734558105469,77.28538513183594,48.308570861816406,64.12016296386719,23.94365692138672,36.76710510253906,45.98506546020508,36.085330963134766,21.40648078918457,123.38999938964844
2014-08-01,163.70545959472656,99.5921401977539,52.87759017944336,30.55686378479004,40.0849609375,37.68421936035156,25.860424041748047,19.9910888671875,34.59971237182617,47.00004577636719,73.08417510986328,79.81539916992188,84.97379302978516,83.36073303222656,78.83423614501953,49.45845413208008,64.9344482421875,24.030799865722656,37.27008056640625,47.38487243652344,36.177616119384766,21.161304473876953,123.86000061035156
2014-09-01,161.4468994140625,93.68838500976562,50.63078308105469,24.72430992126465,37.88601303100586,37.588401794433594,24.399946212768555,19.251483917236328,31.912212371826172,45.17526626586914,73.08417510986328,78.97776794433594,83.1788558959961,81.19733428955078,77.5085220336914,48.477813720703125,63.53261947631836,22.9439697265625,37.22294235229492,44.522552490234375,33.79712677001953,19.631061553955078,116.20999908447266
2014-10-01,165.24916076660156,99.86573791503906,50.42450714111328,24.60481834411621,39.34931182861328,38.514556884765625,23.93410873413086,18.526382446289062,32.36524963378906,45.05549621582031,73.06816864013672,80.1910400390625,85.52330780029297,81.92906951904297,78.4651870727539,48.99193572998047,64.7867431640625,23.156234741210938,37.44816207885742,48.94692611694336,35.29301071166992,18.870166778564453,112.66000366210938
2014-11-01,169.78883361816406,99.97712707519531,48.12611770629883,23.813867568969727,39.80509567260742,37.109371185302734,23.95929527282715,19.077465057373047,31.866140365600586,45.083675384521484,73.06816864013672,81.22442626953125,88.06111907958984,82.05948638916016,79.18058776855469,48.46228790283203,64.51747131347656,22.841529846191406,37.787593841552734,49.925994873046875,34.89576721191406,17.263835906982422,112.11000061035156
2014-12-01,169.35816955566406,102.869384765625,44.15522003173828,21.069805145263672,40.54689025878906,36.10955047607422,23.154008865356445,18.035600662231445,30.603107452392578,43.28359603881836,73.0522689819336,81.32953643798828,90.92436218261719,81.1968765258789,79.16690826416016,48.07310485839844,62.764137268066406,21.68617057800293,38.159217834472656,50.876556396484375,34.062435150146484,15.598323822021484,113.58000183105469
2015-01-01,164.34019470214844,99.4983139038086,41.8206901550293,19.767702102661133,40.68410873413086,36.912696838378906,23.16684913635254,18.255104064941406,30.39281463623047,43.55393600463867,73.0362548828125,84.82862091064453,99.84928894042969,83.82102966308594,82.13713073730469,48.41111373901367,63.93690490722656,21.696413040161133,38.841800689697266,54.36252212524414,34.96616744995117,14.710614204406738,123.44999694824219
2015-02-01,173.57687377929688,105.41490173339844,44.76486587524414,20.384187698364258,42.831329345703125,39.67552947998047,24.528099060058594,19.389179229736328,31.732526779174805,46.314292907714844,73.0362548828125,82.7319107055664,93.7201156616211,82.74087524414062,80.97041320800781,49.49122619628906,64.55059814453125,21.31173324584961,38.77130126953125,52.36516571044922,36.251792907714844,15.361601829528809,116.16000366210938
2015-03-01,170.85073852539062,107.28072357177734,43.092041015625,18.073827743530273,43.99372863769531,40.2537956237793,23.12832260131836,19.00871467590332,31.257394790649414,45.65266036987305,73.0362548828125,83.4400863647461,94.74375915527344,82.34217071533203,81.12842559814453,49.02216339111328,64.56549072265625,20.792943954467773,38.96004104614258,53.27208709716797,35.82522964477539,14.431619644165039,113.66000366210938
2015-04-01,172.53086853027344,104.5290298461914,43.58272933959961,20.862394332885742,50.59682846069336,41.313961029052734,24.66935157775879,19.87208366394043,33.399383544921875,47.317420959472656,73.02027130126953,82.91190338134766,91.49861907958984,82.9004135131836,80.16527557373047,49.44929885864258,65.36175537109375,21.323434829711914,38.56058120727539,50.157012939453125,37.64610290527344,15.463054656982422,113.47000122070312
2015-05-01,174.7489471435547,106.8666763305664,43.500953674316406,18.59235954284668,48.312381744384766,41.92435836791992,24.82345962524414,19.703800201416016,32.02851104736328,47.40989685058594,73.00430297851562,82.56673431396484,89.32786560058594,82.06672668457031,79.26717376708984,49.62508010864258,65.15995025634766,20.819612503051758,38.35918426513672,50.00534439086914,36.76750183105469,14.972701072692871,114.0999984741211
2015-06-01,171.19943237304688,107.70339965820312,42.76262283325195,19.22760009765625,45.69892501831055,41.36235809326172,23.863815307617188,19.144760131835938,31.089805603027344,45.93154525756836,73.00430297851562,81.22016143798828,85.69042205810547,81.22586822509766,77.7744369506836,48.68859100341797,63.97782516479492,20.47283172607422,37.83966827392578,47.6707878112793,35.55497360229492,15.217877388000488,112.37000274658203
2015-07-01,175.06671142578125,106.51445770263672,42.186058044433594,16.83368492126465,40.80610656738281,41.74982833862305,24.24302101135254,19.926027297973633,29.1280574798584,46.86479949951172,73.00430297851562,82.45337677001953,89.58589172363281,81.6607894897461,78.42147827148438,48.44898986816406,64.07247161865234,19.946533203125,38.32578659057617,50.421634674072266,35.32418441772461,13.29873275756836,104.93000030517578
2015-08-01,164.3963623046875,99.79228210449219,39.57283020019531,14.598190307617188,35.96220779418945,39.13440704345703,22.307764053344727,18.616479873657227,26.55423927307129,43.3850212097168,73.00430297851562,82.51858520507812,88.96823120117188,80.88514709472656,77.77261352539062,47.71103286743164,63.35042953491211,19.0128116607666,38.0586051940918,47.24953079223633,32.695701599121094,13.264915466308594,108.81999969482422
2015-09-01,160.2016143798828,94.86624908447266,38.60691452026367,12.879029273986816,35.72572326660156,36.906463623046875,21.431669235229492,17.909618377685547,25.72245216369629,41.467891693115234,72.97235870361328,83.82173156738281,90.7181167602539,80.46208953857422,78.69792175292969,46.28450012207031,62.67365646362305,18.417673110961914,38.36812210083008,48.69525909423828,32.83646011352539,12.808380126953125,106.86000061035156
2015-10-01,173.8283233642578,100.20025634765625,40.97304153442383,13.418834686279297,38.57171630859375,39.78019332885742,22.8438777923584,19.189407348632812,27.36247444152832,44.20975112915039,72.95636749267578,83.28781127929688,90.34723663330078,80.70355987548828,79.14937591552734,47.779850006103516,64.1942138671875,19.159927368164062,38.59454345703125,51.499393463134766,34.49858856201172,12.850650787353516,109.30000305175781
2015-11-01,174.46372985839844,103.46674346923828,40.126930236816406,13.213476181030273,38.123207092285156,39.97392272949219,22.46467399597168,18.742971420288086,26.671947479248047,43.87696075439453,72.97235870361328,82.931640625,89.56330108642578,80.587158203125,79.02735137939453,46.587242126464844,64.39022064208984,18.843368530273438,38.667972564697266,51.17706298828125,33.69328308105469,11.996759414672852,101.91999816894531
2015-12-01,171.44851684570312,98.26193237304688,37.8636589050293,12.268574714660645,36.899681091308594,39.421112060546875,21.52889633178711,18.079654693603516,25.65311622619629,42.85380554199219,72.95636749267578,82.5558853149414,89.297119140625,79.77257537841797,78.17300415039062,45.65910339355469,63.41355895996094,18.41797637939453,38.61325454711914,52.11410903930664,33.43928909301758,11.295045852661133,101.45999908447266
2016-01-01,162.9127197265625,89.83348846435547,36.769466400146484,11.764307975769043,32.48362350463867,37.40452575683594,20.488475799560547,17.392616271972656,24.362096786499023,40.489253997802734,72.97235870361328,85.30805969238281,94.27377319335938,81.02354431152344,78.26903533935547,44.928131103515625,63.437503814697266,18.39631462097168,39.11709976196289,50.323158264160156,31.842578887939453,10.804692268371582,106.94999694824219
2016-02-01,162.7781219482422,89.6328125,36.83785629272461,12.155856132507324,31.714534759521484,35.420448303222656,19.84820556640625,16.95201301574707,24.16286277770996,39.13912582397461,72.97235870361328,86.57566833496094,97.18299102783203,82.01273345947266,79.09217834472656,45.600643157958984,64.55038452148438,18.707744598388672,39.611236572265625,50.14014434814453,32.143592834472656,10.779329299926758,118.63999938964844
2016-03-01,173.72760009765625,96.81550598144531,40.80431365966797,15.602685928344727,35.154754638671875,37.11178970336914,20.915313720703125,18.057252883911133,27.294788360595703,41.7153205871582,72.97235870361328,86.51844024658203,97.0923080444336,83.38011932373047,81.95098876953125,46.76213073730469,66.68911743164062,20.329511642456055,39.90758514404297,55.387535095214844,35.068580627441406,11.235865592956543,117.63999938964844
2016-04-01,174.41226196289062,98.43453216552734,41.062660217285156,17.507043838500977,34.95629119873047,37.144309997558594,21.755661010742188,18.482919692993164,27.406360626220703,42.64216613769531,73.00430297851562,86.3833999633789,96.37718200683594,83.55463409423828,83.22499084472656,48.222293853759766,67.72598266601562,20.80376434326172,39.80209732055664,54.0854377746582,35.802589416503906,12.326480865478516,123.6500015258789
2016-05-01,177.37925720214844,100.63982391357422,37.90165710449219,15.092487335205078,34.93974304199219,38.3477668762207,21.50222396850586,18.44558334350586,26.394262313842773,42.605674743652344,73.00430297851562,86.29766845703125,97.15343475341797,83.01640319824219,82.79850769042969,48.304359436035156,67.57982635498047,19.710681915283203,40.09978103637695,55.30158996582031,35.19309997558594,12.436386108398438,116.05999755859375
2016-06-01,177.99586486816406,100.622314453125,38.726139068603516,18.03714370727539,35.31161117553711,37.69919967651367,21.012041091918945,17.51890754699707,27.59760284423828,41.57486343383789,72.98834228515625,88.96220397949219,103.8902587890625,84.88328552246094,85.36056518554688,49.170448303222656,70.40077209472656,20.91552734375,40.8814582824707,59.13311767578125,35.749610900878906,12.977466583251953,126.47000122070312
2016-07-01,184.487548828125,106.53376007080078,38.19565200805664,19.8659610748291,36.669429779052734,39.53498458862305,21.326480865478516,18.34621238708496,29.0835018157959,43.228328704833984,73.02027130126953,89.18148040771484,106.0744857788086,85.42554473876953,86.46310424804688,49.81614685058594,71.36441802978516,21.06127166748047,41.216468811035156,61.65396499633789,37.19123458862305,12.07284927368164,128.97999572753906
2016-08-01,184.7085418701172,108.43441009521484,38.80303192138672,20.033302307128906,38.951900482177734,40.25617980957031,21.558879852294922,18.284936904907227,29.34052848815918,43.459224700927734,73.02027130126953,88.27944946289062,104.99952697753906,85.13286590576172,86.61900329589844,50.796348571777344,72.30884552001953,20.93398666381836,41.245880126953125,59.33320617675781,36.98622512817383,12.165846824645996,124.77999877929688
2016-09-01,184.71920776367188,109.59882354736328,37.273048400878906,20.158809661865234,40.401344299316406,41.1085090637207,21.65457534790039,18.50707244873047,30.07946014404297,44.0401611328125,73.0362548828125,88.48902893066406,103.41567993164062,85.77191162109375,86.34562683105469,51.34413528442383,72.60746002197266,21.393722534179688,41.25029754638672,58.245887756347656,37.39695739746094,12.690018653869629,125.63999938964844
2016-10-01,181.51673889160156,104.56051635742188,39.07980728149414,22.567350387573242,39.21013641357422,41.40354919433594,20.506227493286133,18.422815322875977,29.830474853515625,43.064483642578125,73.0522689819336,87.16646575927734,98.88542938232422,85.30805206298828,85.02571868896484,50.83940887451172,71.35196685791016,21.125837326049805,40.73158264160156,54.90180969238281,35.586029052734375,12.647747039794922,121.94000244140625
2016-11-01,188.20347595214844,116.12834167480469,33.920928955078125,20.0153751373291,38.835269927978516,40.88723373413086,20.5472412109375,17.96320343017578,28.513240814208984,42.297332763671875,73.02027130126953,83.48173522949219,90.76325225830078,83.54094696044922,82.33252716064453,50.84892654418945,68.27462005615234,19.579383850097656,40.22333908081055,53.981868743896484,34.201202392578125,12.85910701751709,111.75
2016-12-01,192.01878356933594,119.47798919677734,33.958988189697266,20.178516387939453,36.780494689941406,40.50984191894531,21.26833152770996,18.965564727783203,28.441198348999023,43.4420051574707,73.03624725341797,83.38278198242188,90.34334564208984,83.50698852539062,83.0234375,51.78394317626953,69.28983306884766,20.076255798339844,40.394283294677734,56.58222961425781,34.10538864135742,13.391731262207031,109.61000061035156
2017-01-01,195.45484924316406,119.81468200683594,34.60774230957031,22.314992904663086,39.53924560546875,41.927608489990234,21.795015335083008,19.226945877075195,30.334030151367188,44.87176513671875,73.06820678710938,83.56575775146484,91.07897186279297,84.25225830078125,83.14386749267578,52.256629943847656,70.49056243896484,20.50971221923828,39.999935150146484,56.47250747680664,35.24750900268555,13.315642356872559,115.55000305175781
2017-02-01,203.13458251953125,122.12715148925781,35.58858871459961,22.83549690246582,40.96908187866211,42.47481155395508,22.11379623413086,19.150070190429688,30.8620662689209,45.40604782104492,73.10498809814453,84.17041015625,92.5222396850586,84.59908294677734,84.24217224121094,53.05706787109375,71.67203521728516,20.830541610717773,40.3536491394043,58.45391845703125,36.19010543823242,13.290278434753418,119.2300033569336
2017-03-01,203.38844299316406,122.15894317626953,39.51970291137695,22.672088623046875,41.99520492553711,42.69866180419922,22.557323455810547,20.380102157592773,31.9993896484375,46.8734245300293,73.09221649169922,84.2382583618164,91.91607666015625,84.59908294677734,83.99359130859375,52.98102951049805,72.0401611328125,21.297687530517578,40.343231201171875,57.03717803955078,36.644203186035156,12.85910701751709,118.72000122070312
2017-04-01,205.4073486328125,123.56285858154297,39.975364685058594,22.496562957763672,43.02973556518555,42.99714660644531,22.938472747802734,21.54094886779785,32.54368209838867,48.009700775146484,73.14659881591797,85.17230987548828,93.36213684082031,84.97958374023438,84.99215698242188,53.41318893432617,73.27216339111328,21.575035095214844,40.54164123535156,57.17530822753906,37.46982955932617,12.51247787475586,120.7699966430664
2017-05-01,208.30625915527344,121.12824249267578,39.867252349853516,21.286096572875977,45.2249641418457,44.18275451660156,23.98491668701172,22.594161987304688,33.469783782958984,49.71036148071289,73.1578140258789,85.87644958496094,95.12467193603516,84.94551849365234,86.12523651123047,53.96409606933594,73.83026885986328,21.9139461517334,40.83729553222656,56.76093292236328,38.83211898803711,12.334935188293457,120.62000274658203
2017-06-01,209.63417053222656,125.2155990600586,42.11208724975586,20.83087921142578,46.160072326660156,44.76767349243164,23.607328414916992,22.488319396972656,33.779930114746094,49.857513427734375,73.23301696777344,85.4388656616211,95.87798309326172,84.20905303955078,86.53883361816406,54.03564453125,73.30081176757812,22.0294189453125,40.61835479736328,58.028194427490234,38.89259338378906,12.216573715209961,118.0199966430664
2017-07-01,213.9430389404297,126.2829818725586,43.954593658447266,23.064067840576172,50.143898010253906,45.69389343261719,24.166873931884766,23.020034790039062,35.746829986572266,51.180423736572266,73.25704956054688,85.75910186767578,95.24677276611328,84.59761810302734,87.2012710571289,54.58633041381836,74.16496276855469,22.526105880737305,40.68490982055664,58.74631118774414,40.48286819458008,12.715381622314453,120.75
2017-08-01,214.5673065185547,124.6944808959961,44.08732604980469,24.40642738342285,52.329933166503906,45.65217208862305,23.96855354309082,23.22334098815918,36.58744812011719,51.15748977661133,73.34042358398438,87.00907897949219,98.49343872070312,85.47532653808594,87.7917709350586,54.622093200683594,75.64041900634766,22.84027099609375,41.06517028808594,58.592918395996094,40.99452209472656,12.766108512878418,125.81999969482422
2017-09-01,218.8906707763672,132.555419921875,42.63517761230469,25.43759536743164,53.249942779541016,46.48661422729492,24.68392562866211,24.16165542602539,36.57112121582031,52.36569595336914,73.39335632324219,85.75482940673828,96.20552062988281,84.87529754638672,87.74835968017578,54.950252532958984,75.4983901977539,22.692546844482422,40.899574279785156,58.52610778808594,41.19987487792969,13.019740104675293,121.58000183105469
2017-10-01,224.0486297607422,133.5215606689453,39.2936897277832,24.510149002075195,55.11524963378906,48.93986892700195,24.832672119140625,24.5447998046875,37.77083969116211,53.24506759643555,73.44474792480469,85.59281158447266,96.16840362548828,85.07561492919922,87.91744995117188,54.99681091308594,75.68199920654297,22.062021255493164,41.15380096435547,57.899208068847656,41.37324523925781,13.535456657409668,120.66999816894531
2017-11-01,230.89688110351562,137.44862365722656,39.18439483642578,23.61321449279785,55.90861892700195,49.99125671386719,24.80433464050293,24.521339416503906,37.62393569946289,53.612125396728516,73.48490905761719,85.35372161865234,96.88311767578125,85.14903259277344,87.80906677246094,54.79457092285156,75.47615814208984,22.410465240478516,41.24985122680664,59.44178771972656,41.94883728027344,13.662271499633789,121.0999984741211
2017-12-01,233.69712829589844,136.9009552001953,38.87137985229492,24.943937301635742,56.8882942199707,50.33927917480469,25.84944725036621,24.486120223999023,39.0391845703125,54.33527374267578,73.53961181640625,85.51145935058594,98.63923645019531,85.94557189941406,88.88069915771484,54.92924118041992,76.4158706665039,22.85352325439453,41.36246109008789,59.35416030883789,43.281829833984375,14.042719841003418,123.6500015258789
2018-01-01,246.8681640625,140.4029541015625,41.8839225769043,28.730234146118164,63.9587287902832,52.86758041381836,26.816457748413086,26.14101219177246,42.27864074707031,57.06325149536133,73.63615417480469,83.67274475097656,95.42797088623047,85.2148208618164,87.79127502441406,54.95443344116211,75.92882537841797,23.70842170715332,41.12663650512695,56.82918167114258,45.65696334838867,14.45698356628418,127.6500015258789
2018-02-01,237.8919677734375,135.0063018798828,39.36031723022461,28.045743942260742,59.16246032714844,51.296844482421875,25.01955223083496,24.80768394470215,39.78483200073242,54.30435562133789,73.69733428955078,82.8922348022461,92.52561950683594,84.33393859863281,85.82717895507812,54.47779083251953,74.27229309082031,23.53546714782715,41.23250961303711,52.46597671508789,42.437660217285156,14.034263610839844,125.0
2018-03-01,231.37120056152344,136.65000915527344,40.6300163269043,27.675750732421875,58.62384033203125,50.96925354003906,25.077287673950195,24.627296447753906,40.0002555847168,53.84842300415039,73.79327392578125,83.85028839111328,95.1714859008789,85.18539428710938,86.30513000488281,54.35149383544922,74.68269348144531,23.811237335205078,41.707244873046875,54.50727844238281,43.63810729980469,14.35552978515625,125.79000091552734
2018-04-01,232.56695556640625,137.9910430908203,40.69310760498047,26.084768295288086,57.153324127197266,50.93565368652344,26.15975570678711,25.63121223449707,38.873477935791016,54.66758728027344,73.86991882324219,82.77994537353516,93.18421936035156,85.07359313964844,84.95359802246094,54.61211013793945,73.15118408203125,22.971826553344727,41.64774703979492,54.9550895690918,43.867332458496094,14.845885276794434,124.58999633789062
2018-05-01,238.220458984375,146.49623107910156,35.23581314086914,21.965463638305664,58.846126556396484,50.179691314697266,26.000993728637695,24.95670509338379,37.85441589355469,53.63203811645508,73.98057556152344,83.59626770019531,95.05204010009766,85.35359191894531,85.39649200439453,54.6396484375,72.5584945678711,21.733089447021484,41.55080032348633,56.977352142333984,43.25845718383789,15.243240356445312,123.0999984741211
2018-06-01,239.59042358398438,147.39622497558594,37.654335021972656,20.09154510498047,55.481258392333984,49.01910400390625,25.692041397094727,24.431549072265625,36.1336784362793,52.782440185546875,74.09065246582031,83.76131439208984,95.66584777832031,85.90616607666016,84.9803695678711,54.693641662597656,71.47537231445312,20.988256454467773,41.800655364990234,59.37162780761719,42.13066101074219,14.94733715057373,118.6500015258789
2018-07-01,248.46640014648438,149.8268585205078,41.52040481567383,22.630416870117188,54.811363220214844,49.54392623901367,25.935819625854492,25.392162322998047,37.409584045410156,54.28780746459961,74.19353485107422,83.31924438476562,94.2912368774414,85.44850158691406,86.1224136352539,55.61122131347656,73.31461334228516,21.594446182250977,41.860286712646484,59.72882843017578,42.79802322387695,14.583797454833984,115.98999786376953
2018-08-01,256.3974609375,156.28533935546875,40.21040344238281,20.34229850769043,52.1661376953125,49.28152084350586,24.798219680786133,24.831806182861328,36.00025177001953,53.07405090332031,74.3111343383789,84.16409301757812,95.52839660644531,85.99940490722656,86.1395492553711,56.004878997802734,71.61436462402344,20.1400203704834,41.883235931396484,61.26689910888672,41.92755889892578,14.693704605102539,113.51000213623047
2018-09-01,257.9217834472656,152.65159606933594,40.92132568359375,21.14470672607422,51.43610763549805,50.9829216003418,25.204504013061523,25.12799835205078,35.79177474975586,53.586360931396484,74.4151840209961,83.14989471435547,92.79216766357422,85.16484832763672,86.018310546875,56.29860305786133,73.06877899169922,20.6236629486084,41.78440475463867,59.6345100402832,40.92246627807617,15.192510604858398,112.76000213623047
2018-10-01,240.09835815429688,135.87855529785156,33.61252212524414,25.169286727905273,45.7333984375,46.42044448852539,23.49810218811035,22.742475509643555,32.65624237060547,49.22788619995117,74.54212188720703,82.89790344238281,90.07283782958984,83.8709945678711,84.25556945800781,55.185760498046875,71.23121643066406,20.313854217529297,41.81509017944336,57.890113830566406,38.56198501586914,14.338621139526367,115.1500015258789
2018-11-01,244.55198669433594,138.22427368164062,32.21466064453125,24.949874877929688,49.36628723144531,46.84368133544922,23.21739959716797,22.478309631347656,34.25736618041992,49.47221374511719,74.68072509765625,84.0005111694336,91.6825942993164,84.27281188964844,83.95352172851562,54.965476989746094,70.88326263427734,20.862810134887695,42.03310012817383,60.59538650512695,40.11378479003906,12.926739692687988,115.54000091552734
2018-12-01,223.01956176757812,121.67584991455078,33.205081939697266,24.31571388244629,45.63213348388672,43.24091339111328,22.153656005859375,21.32750701904297,33.06216049194336,46.82556915283203,74.81720733642578,86.35609436035156,97.04930114746094,84.7206039428711,85.5146484375,53.817359924316406,72.23528289794922,21.123958587646484,42.52569580078125,55.77690887451172,39.197418212890625,12.409509658813477,121.25
2019-01-01,240.87571716308594,135.45184326171875,36.28528594970703,28.879688262939453,51.4337158203125,46.303348541259766,23.768951416015625,22.638362884521484,36.4818000793457,49.932411193847656,74.94808959960938,86.9196548461914,97.41670989990234,85.9274673461914,88.39495086669922,56.47835922241211,75.69025421142578,22.25697135925293,42.949005126953125,62.38905334472656,42.907005310058594,13.291621208190918,124.75
2019-02-01,248.6839599609375,142.46707153320312,35.12416458129883,27.371089935302734,52.64780044555664,46.3715934753418,24.58414077758789,23.603403091430664,35.92314147949219,51.199039459228516,75.08662414550781,86.46285247802734,96.07586669921875,85.7804946899414,88.21476745605469,57.16435623168945,75.99180603027344,21.963516235351562,43.03844451904297,62.822898864746094,42.58540725708008,13.668444633483887,123.98999786376953
2019-03-01,253.18527221679688,139.48480224609375,35.14834213256836,26.091651916503906,54.13938522338867,46.678688049316406,24.916259765625,23.699907302856445,36.32944107055664,51.669044494628906,75.21797943115234,88.75859069824219,101.42886352539062,87.47473907470703,90.7984848022461,57.902252197265625,77.13632202148438,21.567218780517578,43.79705047607422,65.4717788696289,44.5523796081543,13.617059707641602,122.01000213623047
2019-04-01,263.5284423828125,144.22267150878906,37.21258544921875,26.346267700195312,55.08464050292969,47.27581787109375,25.48236846923828,24.841880798339844,37.184349060058594,53.18263626098633,75.36279296875,88.29835510253906,99.40933990478516,87.66813659667969,91.19474792480469,58.47327423095703,77.2728271484375,21.64707374572754,43.870155334472656,65.36634063720703,43.75212860107422,13.779779434204102,121.19999694824219
2019-05-01,246.72293090820312,132.89732360839844,34.608097076416016,26.51177215576172,47.98225402832031,44.972599029541016,23.919910430908203,23.321935653686523,34.458797454833984,50.50597381591797,75.522705078125,90.99019622802734,106.2081069946289,89.20426940917969,92.69998168945312,57.342647552490234,77.6536865234375,21.568634033203125,44.42957305908203,65.45672607421875,42.97431564331055,12.957616806030273,123.33000183105469
2019-06-01,263.8914794921875,142.18008422851562,35.688941955566406,28.183696746826172,51.88502883911133,46.98298263549805,25.01938247680664,25.262571334838867,36.59790802001953,53.49171447753906,75.6598129272461,92.09764862060547,107.21725463867188,89.87274932861328,95.70973205566406,59.15153121948242,80.3921127319336,22.81109046936035,45.12574768066406,66.47410583496094,44.43478012084961,13.471467971801758,133.1999969482422
2019-07-01,267.88140869140625,143.14927673339844,33.95302963256836,28.686521530151367,51.029727935791016,46.78498840332031,24.41557502746582,24.553733825683594,35.625606536865234,52.45002746582031,75.79632568359375,92.13291931152344,107.4923324584961,90.15596771240234,95.95281219482422,59.244224548339844,80.98194885253906,22.857332229614258,45.68937683105469,67.60738372802734,43.51596450805664,13.317314147949219,133.2100067138672
2019-08-01,263.3961486816406,136.09054565429688,34.15047073364258,26.423830032348633,49.24058532714844,46.41484069824219,23.48663902282715,24.306467056274414,34.27802276611328,51.44091033935547,75.9247817993164,95.77367401123047,119.36925506591797,92.25751495361328,99.68155670166016,59.652809143066406,82.23890686035156,21.89570426940918,46.6551513671875,70.14009094238281,43.60633850097656,12.700692176818848,143.75
2019-09-01,268.5213928222656,138.8628387451172,35.14595031738281,27.15871810913086,48.94385528564453,48.84233093261719,24.33042335510254,24.84221076965332,34.857994079589844,53.06852340698242,76.04766082763672,94.63774871826172,116.17024993896484,91.23682403564453,98.9281005859375,59.91469955444336,81.33692932128906,22.043319702148438,46.4600715637207,71.49175262451172,44.44633483886719,12.880538940429688,138.8699951171875
2019-10-01,274.4568786621094,142.6339874267578,36.45404815673828,28.750986099243164,51.029727935791016,50.51230239868164,25.181949615478516,25.740619659423828,36.31645965576172,54.867034912109375,76.1698989868164,94.81554412841797,114.87700653076172,91.21009063720703,99.3684310913086,59.90779113769531,81.80501556396484,22.799036026000977,46.232421875,72.29673767089844,46.198707580566406,13.128900527954102,142.42999267578125
2019-11-01,284.3916931152344,148.4329071044922,35.80410385131836,27.377899169921875,52.06830978393555,51.15791320800781,25.491596221923828,26.095041275024414,36.28234100341797,55.48554992675781,76.2523422241211,94.1639633178711,114.40935516357422,91.47733306884766,99.84051513671875,60.24802017211914,81.02812957763672,22.252683639526367,46.01250457763672,71.35372161865234,45.86491394042969,13.111772537231445,137.86000061035156
2019-12-01,292.6549072265625,152.56903076171875,37.40119171142578,31.043079376220703,56.456329345703125,51.602745056152344,26.869293212890625,27.01852035522461,39.08705139160156,57.14755630493164,76.33744049072266,93.2900390625,110.75106811523438,91.79444885253906,100.36698913574219,61.39952087402344,83.4151611328125,23.19176483154297,45.870826721191406,71.9024429321289,47.662681579589844,13.878700256347656,142.89999389648438
2020-01-01,292.53668212890625,147.8354949951172,38.090576171875,28.628982543945312,52.95038604736328,50.30483627319336,25.718883514404297,25.93645668029785,36.68278121948242,55.53452682495117,76.4292984008789,96.5232925415039,119.26911926269531,93.75525665283203,102.8219985961914,61.113258361816406,84.4490966796875,22.898542404174805,46.73833084106445,72.78584289550781,46.38823318481445,12.686612129211426,149.3300018310547
2020-02-01,269.3778381347656,134.75840759277344,34.568912506103516,25.096162796020508,54.72978210449219,46.13236999511719,23.08710479736328,23.89623260498047,35.29770278930664,51.22211837768555,76.51958465576172,99.38204956054688,127.1725082397461,94.62000274658203,103.94422912597656,60.325191497802734,83.39030456542969,22.21117401123047,47.05069351196289,67.67154693603516,43.669952392578125,11.842576026916504,148.3800048828125
2020-03-01,235.7402801513672,105.81623077392578,23.547056198120117,15.413591384887695,50.43103790283203,43.02261734008789,18.816387176513672,19.36148452758789,29.73125648498535,43.996376037597656,76.6760482788086,103.08170318603516,135.28187561035156,92.95669555664062,97.38339233398438,54.27578353881836,70.90556335449219,19.599912643432617,45.68169021606445,54.548797607421875,34.61170196533203,9.78905200958252,148.0500030517578
2020-04-01,265.6754150390625,120.46925354003906,24.311193466186523,16.13978385925293,52.835872650146484,45.08707046508789,19.895883560180664,20.22052574157715,31.917757034301758,46.55582809448242,76.66097259521484,103.36547088623047,136.93089294433594,95.77197265625,102.10234832763672,56.92639923095703,74.0202865600586,20.076316833496094,46.552101135253906,59.437496185302734,36.01520919799805,9.484503746032715,158.8000030517578
2020-05-01,278.3335266113281,128.4105682373047,26.487321853637695,17.788436889648438,53.734378814697266,48.26651382446289,20.27410125732422,21.418224334716797,32.867279052734375,49.082374572753906,76.64759826660156,103.70392608642578,134.51829528808594,96.39562225341797,104.61431121826172,58.60373306274414,78.66242218017578,21.424468994140625,46.744873046875,60.468326568603516,36.886356353759766,10.250226020812988,162.91000366210938
2020-06-01,283.2696228027344,132.81494140625,26.5787353515625,19.039234161376953,57.86941146850586,48.21931838989258,20.607961654663086,22.79837417602539,35.03812789916992,50.80575180053711,76.64759826660156,103.74820709228516,134.97113037109375,97.34534454345703,106.84008026123047,58.261837005615234,81.0037841796875,21.454484939575195,46.99559020996094,61.93462371826172,37.63650131225586,10.711398124694824,167.3699951171875
2020-07-01,299.95208740234375,136.69241333007812,27.120651245117188,21.541610717773438,63.2275390625,47.7013053894043,20.743961334228516,23.23904037475586,37.92950439453125,51.790645599365234,76.65594482421875,104.63436889648438,140.95729064941406,99.60881805419922,110.15220642089844,61.210147857666016,84.12825012207031,22.146657943725586,47.44126510620117,64.19023895263672,38.233394622802734,11.259584426879883,185.42999267578125
2020-08-01,320.8876647949219,144.17819213867188,27.437456130981445,19.74095916748047,66.88802337646484,50.94109344482422,21.311960220336914,24.32823944091797,39.02471160888672,54.23621368408203,76.65594482421875,103.61956024169922,133.8438262939453,100.49523162841797,108.19342041015625,61.196468353271484,84.7385025024414,22.198095321655273,47.08085250854492,64.47415924072266,40.08859634399414,11.781667709350586,184.8300018310547
2020-09-01,308.8725280761719,139.47610473632812,27.81262969970703,18.3110294342041,65.57942962646484,51.86298751831055,20.3919620513916,23.230724334716797,38.63043212890625,53.126102447509766,76.63916778564453,103.95923614501953,134.87904357910156,100.11532592773438,107.71766662597656,60.62635803222656,82.974853515625,21.819581985473633,47.48643112182617,62.756378173828125,39.20939254760742,11.364002227783203,177.1199951171875
2020-10-01,301.1711730957031,142.548828125,28.479598999023438,17.78142738342285,68.71826934814453,51.13425827026367,19.47196388244629,22.174779891967773,39.17366027832031,51.23977279663086,76.64759826660156,102.52371978759766,130.31309509277344,99.43804168701172,107.16787719726562,60.87089157104492,82.59648895263672,21.826684951782227,47.64650344848633,60.872718811035156,37.894615173339844,11.007245063781738,176.1999969482422
2020-11-01,333.9317321777344,168.5557403564453,33.82368850708008,22.011634826660156,70.56620788574219,56.533897399902344,22.60795783996582,27.013826370239258,42.69588088989258,58.551387786865234,76.63916778564453,102.87065124511719,132.4813232421875,100.63848114013672,111.20975494384766,62.910850524902344,86.0819320678711,23.068157196044922,47.832061767578125,66.7621078491211,42.677818298339844,12.129722595214844,166.6699981689453
2020-12-01,346.30328369140625,183.12982177734375,36.25749969482422,24.724218368530273,72.13923645019531,59.55009841918945,23.699861526489258,27.790773391723633,45.7398567199707,61.48798370361328,76.64170837402344,102.6253890991211,130.8549346923828,101.74308013916016,111.37728118896484,64.14257049560547,87.93746185302734,23.90606689453125,48.00471878051758,68.58740997314453,44.21885681152344,12.791028022766113,178.36000061035156
2021-01-01,342.77435302734375,192.00326538085938,33.89599609375,22.803373336791992,77.97489166259766,59.04767990112305,23.643217086791992,27.063831329345703,47.1916389465332,61.00761413574219,76.64170837402344,101.50458526611328,126.10124206542969,102.01409912109375,109.33731079101562,63.90009689331055,86.37460327148438,23.46055793762207,47.70134735107422,68.61164855957031,43.201114654541016,13.217394828796387,172.61000061035156
2021-02-01,352.3052978515625,203.9123992919922,34.292396545410156,21.27603530883789,77.60961151123047,60.13186264038086,24.5737361907959,28.300466537475586,47.56343460083008,62.37289810180664,76.63336181640625,99.10570526123047,118.87196350097656,100.29247283935547,106.86267852783203,63.74376678466797,83.74272918701172,22.879915237426758,46.909542083740234,70.96168518066406,44.49568176269531,14.55740737915039,161.80999755859375
2021-03-01,368.29974365234375,206.75704956054688,36.96596145629883,22.30982208251953,72.78962707519531,60.396278381347656,25.334331512451172,29.102603912353516,47.218204498291016,63.9404182434082,76.6249771118164,96.74134063720703,112.63675689697266,100.02942657470703,105.28321838378906,64.51862335205078,83.1326904296875,22.212379455566406,46.90543746948242,74.61764526367188,45.39943313598633,14.452991485595703,159.9600067138672
2021-04-01,387.78662109375,210.45346069335938,38.34069061279297,23.717113494873047,73.0390853881836,59.42670822143555,26.321489334106445,30.899057388305664,47.78474807739258,65.82821655273438,76.6249771118164,97.70992279052734,115.4471664428711,101.45955657958984,106.3814697265625,64.9300308227539,85.13034057617188,22.71150779724121,46.81587219238281,80.4824447631836,46.52301788330078,15.584172248840332,165.66000366210938
2021-05-01,390.3329162597656,211.0243377685547,40.57568359375,25.951427459716797,72.91434478759766,60.44916915893555,27.34101104736328,32.57018280029297,48.57260513305664,68.12051391601562,76.61658477783203,98.12508392333984,115.44966125488281,102.4984359741211,107.04387664794922,64.9553451538086,85.95100402832031,23.266334533691406,46.815040588378906,81.13227844238281,47.939720153808594,16.1845645904541,178.3800048828125
2021-06-01,399.0870361328125,214.9683380126953,40.79314422607422,27.453794479370117,73.60905456542969,59.97145462036133,26.907638549804688,31.978256225585938,49.034236907958984,67.38618469238281,76.5998306274414,99.12847900390625,120.5515365600586,103.24122619628906,109.41109466552734,65.81580352783203,86.68946075439453,23.002450942993164,46.988685607910156,83.27216339111328,47.51634216308594,16.75015640258789,165.6300048828125
2021-07-01,408.82977294921875,207.17071533203125,41.66867446899414,25.327381134033203,63.63557815551758,59.58964538574219,26.9816951751709,32.392242431640625,45.877906799316406,67.90731048583984,76.59143829345703,101.10136413574219,125.03202056884766,106.0037612915039,110.96366119384766,65.88479614257812,87.17278289794922,22.89573097229004,47.69032287597656,86.95352172851562,47.54890060424805,16.967689514160156,169.82000732421875
2021-08-01,420.9964294433594,211.7349090576172,43.445247650146484,24.65018081665039,63.20699691772461,60.73509216308594,27.162723541259766,32.67103958129883,46.598087310791016,68.88972473144531,76.58308410644531,100.70254516601562,124.60671997070312,105.82978820800781,110.58197021484375,66.28587341308594,87.95621490478516,23.033920288085938,47.48512268066406,88.8269271850586,48.249114990234375,16.689247131347656,169.69000244140625
2021-09-01,401.375732421875,205.63623046875,41.02265548706055,21.758522033691406,60.296199798583984,62.37778091430664,26.537349700927734,31.462888717651367,44.79319763183594,66.64293670654297,76.59143829345703,99.09429931640625,120.98433685302734,105.00418853759766,108.91506958007812,66.04054260253906,85.6359634399414,22.237756729125977,46.97382354736328,83.7802505493164,46.32479476928711,17.559383392333984,164.22000122070312
2021-10-01,429.53765869140625,214.37872314453125,41.09915542602539,19.855581283569336,61.82304000854492,60.73509216308594,27.714048385620117,33.21176528930664,45.2733154296875,68.76158142089844,76.58308410644531,98.6553955078125,123.96665954589844,106.16928100585938,109.49333190917969,65.83531188964844,85.77253723144531,21.93451690673828,46.76587677001953,89.7563247680664,47.30377197265625,18.57744598388672,166.64999389648438
2021-11-01,426.08636474609375,205.09103393554688,38.515052795410156,19.63210678100586,58.224727630615234,58.89705276489258,26.36454963684082,31.927560806274414,43.42396926879883,65.6434326171875,76.56636047363281,99.73282623291016,127.4023208618164,107.0876693725586,109.36346435546875,65.065673828125,84.15782928466797,21.3254337310791,47.260528564453125,87.86306762695312,45.40339279174805,16.950286865234375,165.5
2021-12-01,445.7918701171875,209.74966430664062,43.60853576660156,20.443462371826172,56.45473861694336,60.23815155029297,28.011940002441406,33.74552536010742,44.07840347290039,68.52580261230469,76.56636047363281,99.2101821899414,124.8367691040039,107.5191879272461,109.32614135742188,66.55186462402344,85.9780502319336,21.583833694458008,46.907371520996094,96.39070892333984,46.841705322265625,18.081466674804688,170.9600067138672
2022-01-01,422.2802429199219,189.75062561035156,41.84178924560547,23.02893829345703,56.30183410644531,57.64726257324219,28.64588165283203,32.886260986328125,44.069374084472656,66.03490447998047,76.56636047363281,97.11383056640625,119.95075225830078,105.30554962158203,105.39925384521484,64.78497314453125,83.07688903808594,21.659305572509766,46.26107406616211,88.2729721069336,45.89532470703125,19.508493423461914,168.08999633789062
2022-02-01,409.81585693359375,191.71185302734375,43.38446044921875,23.953882217407227,52.7132682800293,56.6217041015625,28.307781219482422,30.664335250854492,42.16548538208008,63.770442962646484,76.54959869384766,96.8184585571289,117.99198150634766,106.20661163330078,103.15269470214844,64.22844696044922,78.48265838623047,20.60264778137207,45.67976379394531,85.19873046875,44.914207458496094,20.770193099975586,178.3800048828125
2022-03-01,425.2209777832031,193.93096923828125,47.37472915649414,27.53713035583496,47.568756103515625,55.42521667480469,28.4345703125,30.664335250854492,40.739810943603516,64.10140228271484,76.58479309082031,92.88677215576172,111.5679702758789,104.21468353271484,100.16770935058594,63.40175247192383,77.62194061279297,20.540998458862305,44.66200256347656,90.53550720214844,45.10521697998047,22.67579460144043,180.64999389648438
2022-04-01,387.89971923828125,174.73345947265625,42.60020065307617,23.866485595703125,45.38323211669922,50.93614196777344,27.301918029785156,28.598636627197266,38.24038314819336,59.781532287597656,76.5763931274414,88.95925903320312,101.05400085449219,101.93962097167969,93.45719909667969,60.751380920410156,72.44302368164062,19.401561737060547,43.322200775146484,86.83454132080078,42.24870300292969,23.95490074157715,176.91000366210938
2022-05-01,388.77532958984375,175.0735626220703,44.875431060791016,25.672677993774414,46.579429626464844,51.8177604675293,28.037296295166016,29.770357131958008,38.4749870300293,60.9747200012207,76.60151672363281,89.5093765258789,98.7769546508789,100.9281234741211,95.19916534423828,61.74155044555664,73.03047180175781,19.669958114624023,43.03049087524414,82.76600646972656,41.5454216003418,25.059972763061523,171.13999938964844
2022-06-01,356.7168273925781,160.4263153076172,40.7606201171875,20.882055282592773,50.47711181640625,47.988311767578125,25.77874183654785,26.795106887817383,36.490577697753906,55.62928771972656,76.66100311279297,88.73650360107422,97.5179672241211,97.78369140625,91.75028991699219,57.38886260986328,68.53607940673828,18.852109909057617,42.28952407836914,76.60086822509766,38.43711471557617,23.18047523498535,168.4600067138672
2022-07-01,389.5658874511719,177.3726043701172,40.9443473815918,22.124759674072266,44.941898345947266,51.00403594970703,26.596158981323242,28.545133590698242,36.36317825317383,58.504669189453125,76.68870544433594,91.36444854736328,99.88865661621094,101.99803924560547,95.82805633544922,61.233253479003906,71.00538635253906,18.83740997314453,43.65056610107422,83.20075225830078,39.869712829589844,22.71930503845215,164.10000610351562
2022-08-01,373.6708679199219,173.8203887939453,38.713401794433594,23.268356323242188,44.941898345947266,48.67865753173828,24.87528419494629,26.464740753173828,35.88087463378906,54.926021575927734,76.83724212646484,87.84333801269531,95.34060668945312,99.23977661132812,91.58369445800781,58.594825744628906,69.08275604248047,18.737842559814453,42.07612609863281,78.19828033447266,37.63832473754883,22.379947662353516,159.27000427246094
2022-09-01,339.1264953613281,157.0286102294922,38.69590759277344,22.58982276916504,38.49320602416992,44.37306213378906,22.552099227905273,23.92898178100586,31.740434646606445,49.8607177734375,76.99613189697266,83.68402862548828,87.48920440673828,92.5586166381836,86.10713958740234,56.403175354003906,64.54052734375,17.8239688873291,40.85885238647461,68.13314819335938,33.13214874267578,20.80500030517578,154.6699981689453
2022-10-01,366.689208984375,174.55767822265625,44.242645263671875,24.90750503540039,32.180179595947266,45.40858459472656,24.1267032623291,26.509382247924805,31.11253547668457,52.79841613769531,77.11820983886719,82.46724700927734,82.27099609375,93.87332153320312,85.46537780761719,58.30154800415039,64.4351577758789,17.80668067932129,41.08164978027344,70.52125549316406,32.45492172241211,21.857866287231445,151.91000366210938
2022-11-01,387.07403564453125,178.4043731689453,47.15599060058594,24.00025749206543,42.51798629760742,50.686119079589844,27.12963104248047,30.16122817993164,35.96278381347656,59.75096130371094,77.36124420166016,85.44615936279297,88.15422058105469,95.59391784667969,91.14685821533203,60.302066802978516,70.9281005859375,19.147991180419922,42.08024597167969,74.85552978515625,36.7266731262207,22.17981719970703,164.80999755859375
2022-12-01,364.767578125,166.7828826904297,44.14915466308594,22.915414810180664,43.603675842285156,49.561988830566406,26.780378341674805,29.679874420166016,35.01426315307617,58.66773223876953,77.64177703857422,84.1746826171875,85.84456634521484,94.3345947265625,89.73307800292969,59.242591857910156,69.9644775390625,19.325485229492188,40.92341995239258,71.08704376220703,36.0974235534668,21.578407287597656,169.63999938964844
2023-01-01,387.7068786621094,183.1588897705078,51.47014617919922,24.85712242126465,49.18494415283203,53.412967681884766,28.448692321777344,33.121028900146484,38.210819244384766,63.94997787475586,77.86245727539062,87.18905639648438,92.40618896484375,96.29325866699219,94.36312103271484,61.41503143310547,72.71045684814453,20.154979705810547,41.88978576660156,78.48188781738281,38.55979919433594,21.770994186401367,179.41000366210938
2023-02-01,377.9588623046875,180.0023193359375,51.461219787597656,22.3419189453125,43.93415069580078,50.927581787109375,28.195384979248047,32.72672653198242,35.31913757324219,61.98365783691406,78.13168334960938,84.33731842041016,87.92401123046875,94.99043273925781,90.42903900146484,60.257232666015625,70.75321960449219,19.577983856201172,41.26169204711914,73.87950897216797,36.44670104980469,20.799306869506836,169.77999877929688
2023-03-01,391.9728088378906,171.2769775390625,53.14861297607422,22.432039260864258,45.79762649536133,53.431175231933594,28.177915573120117,33.87377166748047,36.455482482910156,63.92316436767578,78.4435043334961,87.47557067871094,92.1789321899414,97.71128845214844,93.90922546386719,61.45294952392578,71.93631744384766,20.326642990112305,42.316139221191406,72.28706359863281,35.42506790161133,20.781801223754883,183.22000122070312
2023-04-01,398.2345275878906,168.2047576904297,54.353904724121094,23.16120147705078,43.80562973022461,53.56773376464844,29.636600494384766,35.459930419921875,36.150611877441406,65.80010986328125,78.728271484375,88.18827819824219,92.49082946777344,97.76184844970703,94.4764404296875,61.57715606689453,72.13057708740234,20.439420700073242,42.40449905395508,72.51338195800781,36.87455749511719,20.624231338500977,184.8000030517578
2023-05-01,400.0728454589844,166.83184814453125,53.43431091308594,23.61180877685547,39.693115234375,54.02293395996094,27.86347007751465,33.15686798095703,35.28218078613281,63.16344451904297,79.02362823486328,86.91983032226562,89.70198059082031,96.59258270263672,92.8051986694336,60.81884765625,71.2730712890625,20.325599670410156,42.4652214050293,69.6407241821289,34.342323303222656,19.302387237548828,182.32000732421875
2023-06-01,425.99749755859375,180.29071044921875,55.92509078979492,27.225980758666992,41.456787109375,56.74148941040039,28.805112838745117,35.29569625854492,36.83420181274414,65.98688507080078,79.38761901855469,85.82876586914062,89.89672088623047,96.2643051147461,93.55701446533203,61.90154266357422,73.05683135986328,20.8886775970459,42.46783447265625,73.56111145019531,35.09326171875,19.871395111083984,178.27000427246094
2023-07-01,439.9418029785156,191.3043975830078,58.48839569091797,28.43490219116211,46.14545440673828,58.13481903076172,29.651012420654297,35.8636589050293,39.059513092041016,67.77081298828125,79.69407653808594,85.26944732666016,87.6094970703125,96.30382537841797,93.60736846923828,62.59211349487305,74.31636810302734,21.272226333618164,42.41388702392578,75.05767822265625,37.09285354614258,21.60466957092285,182.35000610351562
2023-08-01,432.79180908203125,181.5807647705078,55.4573974609375,25.899520874023438,41.61430740356445,56.50315475463867,28.49346923828125,34.49872970581055,36.471065521240234,65.1040267944336,80.0899429321289,84.64620971679688,84.85673522949219,95.52127838134766,92.4568862915039,62.70708084106445,72.94461059570312,20.747955322265625,42.50279235839844,72.52230834960938,35.48619079589844,21.525882720947266,180.02000427246094
2023-09-01,412.2625732421875,170.9517364501953,52.372432708740234,25.748409271240234,40.113189697265625,55.265663146972656,28.172914505004883,32.60248565673828,35.33512496948242,62.72850036621094,80.40956115722656,81.98932647705078,78.10968017578125,93.69029998779297,89.16791534423828,61.69528579711914,70.51686096191406,19.81728744506836,41.759803771972656,67.25446319580078,33.99304962158203,21.849777221679688,171.4499969482422
2023-10-01,403.31298828125,159.13194274902344,49.2874641418457,24.992828369140625,38.741798400878906,54.0464973449707,27.1578369140625,31.55817985534668,34.1712532043457,60.90816879272461,80.75608825683594,80.40877532958984,73.84239196777344,93.01258850097656,87.01727294921875,61.05169677734375,69.67839050292969,19.780569076538086,41.697696685791016,64.81886291503906,32.648345947265625,21.455852508544922,184.08999633789062
2023-11-01,440.15313720703125,173.77615356445312,56.87845993041992,28.55243682861328,39.54795455932617,57.39231872558594,28.840728759765625,34.41628646850586,36.83420181274414,65.91407775878906,81.13420867919922,84.07097625732422,81.17042541503906,95.5953598022461,93.6083755493164,64.03568267822266,74.02486419677734,20.88390350341797,43.12921142578125,72.65010833740234,35.713218688964844,20.930618286132812,188.75
2023-12-01,460.2484130859375,194.8485107421875,61.94918441772461,30.39057159423828,38.68014144897461,59.61972427368164,30.10081672668457,36.122467041015625,38.147457122802734,69.4411392211914,81.48104095458984,87.24235534667969,88.22068786621094,97.92390441894531,98.17202758789062,66.08004760742188,77.39177703857422,21.485193252563477,44.518104553222656,79.51216125488281,38.621910095214844,20.241731643676758,191.1699981689453
2024-01-01,467.57855224609375,187.24717712402344,60.8626823425293,28.617204666137695,34.692501068115234,61.54383850097656,29.53614044189453,35.74446105957031,36.420806884765625,69.12779998779297,81.82878112792969,87.30570983886719,86.24002838134766,98.25186157226562,97.73731994628906,66.15693664550781,76.4532699584961,21.163127899169922,44.256591796875,75.48975372314453,36.85358810424805,20.50806999206543,188.4499969482422
2024-02-01,491.98004150390625,197.78028869628906,59.56616973876953,28.6954402923584,37.01862335205078,64.2487564086914,29.827585220336914,37.072086334228516,37.93873596191406,71.19213104248047,82.1923599243164,85.48746490478516,84.29771423339844,97.22240447998047,95.84903717041016,66.35770416259766,77.05278015136719,21.117122650146484,44.018131256103516,76.98353576660156,36.48179244995117,20.195810317993164,189.30999755859375
2024-03-01,508.0686950683594,204.6768341064453,63.28220748901367,28.18255615234375,37.72119903564453,66.32160186767578,31.157306671142578,38.17844009399414,38.97282791137695,73.59746551513672,82.52948760986328,86.11426544189453,84.95767211914062,97.85099792480469,97.32606506347656,67.08089447021484,78.59185028076172,20.976762771606445,44.51129913330078,78.48553466796875,38.213836669921875,21.095849990844727,205.72000122070312
2024-04-01,487.58355712890625,190.66188049316406,59.78530502319336,26.9742374420166,39.75299835205078,62.52914047241211,31.603586196899414,36.91535568237305,38.887447357177734,71.21056365966797,82.88616943359375,83.41907501220703,79.47325134277344,96.19654083251953,94.16972351074219,66.17447662353516,76.69621276855469,20.505109786987305,43.88666534423828,72.25059509277344,36.835453033447266,21.4356632232666,211.8699951171875
2024-05-01,512.2452392578125,200.2679901123047,59.25574493408203,25.731143951416016,41.60441207885742,64.10932922363281,33.07902145385742,38.44581604003906,39.64640426635742,74.8139419555664,83.26520538330078,84.92073059082031,81.76764678955078,97.9059829711914,96.25438690185547,67.2557373046875,78.69428253173828,20.972116470336914,44.01290512084961,75.54503631591797,37.81483459472656,21.371374130249023,215.3000030517578
2024-06-01,530.3175659179688,198.0161895751953,52.115604400634766,24.541879653930664,40.21259307861328,63.899845123291016,32.381526947021484,35.628395080566406,40.684364318847656,73.44729614257812,83.59766387939453,85.95421600341797,83.25345611572266,98.65157318115234,96.828369140625,67.578125,78.5105972290039,20.673067092895508,44.291378021240234,76.9619369506836,36.79011154174805,21.334636688232422,215.00999450683594
2024-07-01,536.7391357421875,218.48248291015625,52.03274917602539,24.936992645263672,39.59276580810547,66.45621490478516,33.66267395019531,36.31682205200195,41.02825164794922,75.35073852539062,83.97456359863281,88.44450378417969,86.2755355834961,100.3556900024414,99.38279724121094,69.16771697998047,80.60572814941406,21.151844024658203,45.233253479003906,83.07222747802734,38.630977630615234,20.7376708984375,226.5500030517578
2024-08-01,549.2803955078125,214.7932586669922,48.82903289794922,26.8227596282959,39.88837814331055,67.39260864257812,34.841705322265625,37.60879898071289,41.42946243286133,77.80743408203125,84.36227416992188,89.634765625,88.09698486328125,101.15755462646484,101.24175262451172,70.23802947998047,82.43248748779297,21.7579402923584,45.46255874633789,87.40913391113281,40.42650604248047,20.306018829345703,231.2899932861328
2024-09-01,560.8178100585938,216.31947326660156,49.445838928222656,26.481525421142578,48.54690933227539,66.9899673461914,34.73029708862305,38.09918975830078,43.80805206298828,78.41690063476562,84.71845245361328,90.87397003173828,89.85844421386719,102.6725082397461,103.22904205322266,71.43001556396484,84.09314727783203,22.43086051940918,46.03109359741211,90.26712799072266,42.5394172668457,20.452964782714844,243.05999755859375
2024-10-01,555.8133544921875,213.25418090820312,47.79795455932617,24.945974349975586,46.96396255493164,63.74065399169922,33.00353240966797,35.75099182128906,42.46113586425781,74.28181457519531,85.0529556274414,87.79573822021484,84.95679473876953,100.7762680053711,99.94698333740234,70.7417221069336,82.04033660888672,21.430763244628906,45.6981201171875,87.23722076416016,39.592220306396484,20.746854782104492,253.50999450683594
2024-11-01,588.9584350585938,236.8653564453125,46.27894973754883,22.91653060913086,45.1235466003418,65.25762939453125,33.235626220703125,34.18552780151367,41.32438278198242,74.04739379882812,85.36824035644531,88.69207000732422,86.6450424194336,101.2781982421875,101.73693084716797,71.90509796142578,83.53793334960938,21.32636260986328,46.459110260009766,90.95279693603516,39.365509033203125,20.33357048034668,245.58999633789062
2024-12-01,574.7879638671875,217.0304718017578,44.46927261352539,21.14859390258789,45.539302825927734,63.813812255859375,32.130104064941406,34.08994674682617,40.62323760986328,71.86286926269531,85.71240997314453,86.68904113769531,81.11618041992188,99.54187774658203,99.0146713256836,71.34404754638672,81.67655944824219,20.849437713623047,46.1022834777832,83.33805847167969,37.7647705078125,20.683862686157227,242.1300048828125
2025-01-01,590.2246704101562,222.45230102539062,46.52082443237305,23.798038482666016,47.045616149902344,64.96455383300781,33.75082778930664,36.7027473449707,41.49748992919922,75.31297302246094,86.01237487792969,87.22352600097656,81.51560974121094,100.90584564208984,99.58924865722656,72.31464385986328,83.06167602539062,21.25541877746582,46.215057373046875,84.71331024169922,38.299354553222656,21.25465202331543,258.55999755859375
2025-02-01,582.7318725585938,210.8326873779297,47.98350524902344,22.651826858520508,52.069908142089844,65.1167221069336,35.106170654296875,37.567352294921875,41.97346115112305,77.5370101928711,86.29084777832031,89.66551971435547,86.15962982177734,103.08258056640625,101.95083618164062,73.01629638671875,84.83245086669922,21.455835342407227,46.622894287109375,87.84735870361328,38.49028015136719,21.283676147460938,263.2699890136719
2025-03-01,550.2625122070312,196.38198852539062,48.40141296386719,24.286588668823242,52.86679458618164,65.20231628417969,35.51372146606445,37.81437683105469,42.449440002441406,77.67957305908203,86.57303619384766,89.9721450805664,85.1216812133789,103.78324127197266,101.47933197021484,72.22346496582031,83.85677337646484,21.74288558959961,46.070838928222656,85.57406616210938,38.62392807006836,21.767396926879883,288.1400146484375
2025-04-01,545.49169921875,191.82412719726562,54.10966491699219,25.404619216918945,50.204017639160156,67.93175506591797,36.11082458496094,38.992515563964844,42.50772476196289,80.5499038696289,86.86759185791016,90.9223403930664,83.963623046875,103.91394805908203,101.20472717285156,72.30809783935547,83.64293670654297,22.41807746887207,46.86341094970703,83.48528289794922,40.95320129394531,19.900236129760742,303.7699890136719
2025-05-01,579.7730712890625,201.8750762939453,57.14900207519531,25.564334869384766,51.33132553100586,70.4900131225586,37.8358039855957,40.370174407958984,44.21735763549805,84.40869140625,87.18310546875,89.79525756835938,81.26787567138672,103.25732421875,101.41363525390625,73.57581329345703,84.6161117553711,22.728435516357422,46.8671989440918,84.42098999023438,42.165565490722656,20.20014190673828,303.6000061035156
2025-06-01,609.5653686523438,213.01541137695312,58.558048248291016,27.610458374023438,54.07627487182617,71.87554168701172,38.41706085205078,41.59111404418945,47.313472747802734,86.43131256103516,87.47489929199219,91.23373413085938,83.43289947509766,104.22624969482422,103.5255126953125,74.92852783203125,86.89112091064453,23.46143341064453,47.025821685791016,85.0022201538086,44.05571746826172,21.099863052368164,304.8299865722656
2025-07-01,623.6045532226562,216.56912231445312,58.15193176269531,25.409276962280273,56.36298751831055,70.58126831054688,38.50410842895508,40.75540542602539,47.62732696533203,84.62319946289062,87.78683471679688,90.69189453125,82.48204040527344,104.23577117919922,103.43260192871094,75.03026580810547,87.4845962524414,23.130332946777344,46.97251892089844,85.07856750488281,43.16791915893555,21.719024658203125,302.9599914550781
2025-08-01,636.4006958007812,232.146240234375,59.89242935180664,28.23253059387207,60.170902252197266,75.04891204833984,40.09998321533203,41.387046813964844,48.90235900878906,88.45213317871094,88.11231231689453,92.18663024902344,82.49251556396484,105.91639709472656,104.51200103759766,75.8595962524414,89.05622863769531,23.71382713317871,47.03643035888672,88.03731536865234,44.96260452270508,21.48683738708496,318.07000732421875
2025-09-01,659.0694580078125,239.52642822265625,65.95516204833984,29.66808319091797,64.62654876708984,76.89925384521484,40.593257904052734,42.68920135498047,52.374366760253906,90.27957916259766,88.4032974243164,92.78687286376953,85.45480346679688,106.3630142211914,106.47393798828125,76.53170776367188,90.45499420166016,23.980802536010742,47.28403091430664,88.08806610107422,45.57356262207031,21.796419143676758,355.4700012207031
2025-10-01,674.7800903320312,243.75347900390625,64.3306884765625,29.830780029296875,62.38890838623047,80.0055160522461,41.27029037475586,43.02931213378906,54.23787307739258,91.36251068115234,88.71365356445312,93.44683074951172,86.63499450683594,106.70599365234375,106.6330795288086,76.52317810058594,92.2422103881836,24.080942153930664,47.758262634277344,85.92971801757812,45.000789642333984,22.13502311706543,368.1199951171875
2025-11-01,676.0958251953125,246.24813842773438,66.15821838378906,32.16594314575195,61.04436492919922,79.58368682861328,41.73454666137695,43.31112289428711,53.27669143676758,92.03934478759766,88.96875,94.3702163696289,86.87094116210938,106.9376449584961,107.62602233886719,77.09431457519531,92.70030975341797,24.42955207824707,47.6708984375,88.010986328125,45.649932861328125,22.309162139892578,387.8800048828125
2025-12-01,676.635009765625,244.50135803222656,68.32455444335938,31.47040367126465,59.67449951171875,80.30368041992188,43.358909606933594,43.941009521484375,54.427101135253906,94.53404235839844,89.26697540283203,93.65188598632812,84.56139373779297,106.27562713623047,106.83231353759766,77.47405242919922,92.99357604980469,24.7719783782959,47.423404693603516,86.04283142089844,45.84000015258789,22.360000610351562,396.30999755859375
2026-01-01,686.607177734375,257.9004211425781,74.03058624267578,36.69070816040039,61.98916244506836,85.25677490234375,45.508121490478516,44.29261016845703,58.79439926147461,99.17066955566406,89.53073120117188,93.43760681152344,84.53226470947266,106.8267822265625,107.20071411132812,77.94488525390625,93.28335571289062,25.232494354248047,47.66876983642578,88.28894805908203,47.939998626708984,24.43000030517578,444.95001220703125
2026-02-01,680.6734619140625,259.6485900878906,79.76618194580078,38.364768981933594,58.67115020751953,91.87084197998047,47.99253463745117,46.75385665893555,62.25640869140625,103.73838806152344,89.76980590820312,95.7455062866211,88.44927978515625,108.18048095703125,108.67791748046875,77.94392395019531,94.80143737792969,25.62863540649414,48.398681640625,93.0437240600586,50.709999084472656,25.100000381469727,483.75
2026-03-01,647.0620727539062,246.7671356201172,74.13899230957031,38.027976989746094,55.81011199951172,83.98369598388672,44.916595458984375,42.36854553222656,56.49634552001953,95.61690521240234,90.0281753540039,93.52400970458984,84.70783996582031,106.71073913574219,106.42520904541016,77.20063781738281,91.49259948730469,24.311864852905273,47.36368179321289,87.16899871826172,44.45000076293945,28.950000762939453,430.2900085449219
2026-04-01,715.0377197265625,276.5881652832031,75.3314437866211,39.32562255859375,57.19095993041992,88.6185073852539,46.4841423034668,44.2730827331543,63.65911865234375,100.72605895996094,90.28829193115234,93.3834228515625,83.99658966064453,107.87105560302734,106.72522735595703,78.37458801269531,93.76829528808594,24.88730812072754,47.47433853149414,94.66731262207031,47.22999954223633,31.100000381469727,423.6600036621094
2026-05-01,752.6671142578125,288.9862060546875,77.2925796508789,35.57136154174805,54.737220764160156,92.45764923095703,46.267250061035156,44.89815902709961,68.24527740478516,103.16743469238281,90.57485961914062,93.36566925048828,84.44461059570312,108.07611846923828,107.64556884765625,78.7166748046875,94.79060363769531,25.080162048339844,47.86354064941406,94.04817199707031,46.0099983215332,29.479999542236328,417.1199951171875
2026-06-01,744.9202270507812,299.6673583984375,75.2699966430664,34.5,51.029998779296875,93.2699966430664,46.13999938964844,45.43000030517578,68.41000366210938,103.87999725341797,90.8216323852539,93.6002426147461,85.42918395996094,107.58259582519531,107.76708984375,78.7846450805664,95.20225524902344,25.157915115356445,48.07598114013672,95.60083770751953,44.849998474121094,26.65999984741211,368.3800048828125
2026-07-01,745.1796264648438,290.4414367675781,76.80999755859375,36.650001525878906,55.79999923706055,92.38999938964844,48.40999984741211,46.54999923706055,64.08999633789062,105.58000183105469,91.12777709960938,92.30038452148438,81.60728454589844,106.84599304199219,105.34974670410156,78.6648941040039,93.83428955078125,25.211368560791016,47.52974319458008,98.09916687011719,46.029998779296875,29.450000762939453,371.5400085449219
2026-08-01,765.1499633789062,293.164306640625,76.72000122070312,36.029998779296875,54.720001220703125,95.87999725341797,48.369998931884766,45.86000061035156,67.0199966430664,107.44999694824219,91.3800048828125,92.40799713134766,82.20499420166016,106.81999969482422,105.76599884033203,79.375,94.35599517822266,25.479999542236328,47.42899703979492,95.61075592041016,44.7400016784668,31.299999237060547,408.4200134277344
2026-09-01,771.3499755859375,281.9700012207031,73.33999633789062,36.81999969482422,52.619998931884766,97.93000030517578,47.31999969482422,43.849998474121094,67.9800033569336,105.55999755859375,91.62000274658203,90.0,79.31999969482422,104.54000091552734,103.20999908447266,77.86000061035156,92.18000030517578,24.959999084472656,46.939998626708984,90.98999786376953,43.099998474121094,32.619998931884766,393.4100036621094
